0,1,2,3,4,5,6,7,8,9,10,11,12,13,14,15,16,17,18,19
-0.5564517774875827,-0.5564517774875827,-0.5564517774875827,-0.5564517774875827,-0.5564517774875827,-0.5564517774875827,-0.5564517774875827,-0.5564517774875827,-0.5564517774875827,-0.5564517774875827,-0.5564517774875827,-0.5564517774875827,-0.5564517774875827,-0.5564517774875827,-0.5564517774875827,-0.5564517774875827,-0.5564517774875827,-0.5564517774875827,-0.5564517774875827,-0.5564517774875827
-0.5512845953107545,-0.5512845953107545,-0.5512845953107545,-0.5512845953107545,-0.5512845953107545,-0.5512845953107545,-0.5512845953107545,-0.5512845953107545,-0.5512845953107545,-0.5512845953107545,-0.5512845953107545,-0.5512845953107545,-0.5512845953107545,-0.5512845953107545,-0.5512845953107545,-0.5512845953107545,-0.5512845953107545,-0.5512845953107545,-0.5512845953107545,-0.5512845953107545
-0.544442679109383,-0.544442679109383,-0.544442679109383,-0.544442679109383,-0.544442679109383,-0.544442679109383,-0.544442679109383,-0.544442679109383,-0.544442679109383,-0.544442679109383,-0.544442679109383,-0.544442679109383,-0.544442679109383,-0.544442679109383,-0.544442679109383,-0.544442679109383,-0.544442679109383,-0.544442679109383,-0.544442679109383,-0.544442679109383
-0.5670950356443107,-0.5670950356443107,-0.5670950356443107,-0.5670950356443107,-0.5670950356443107,-0.5670950356443107,-0.5670950356443107,-0.5670950356443107,-0.5670950356443107,-0.5670950356443107,-0.5670950356443107,-0.5670950356443107,-0.5670950356443107,-0.5670950356443107,-0.5670950356443107,-0.5670950356443107,-0.5670950356443107,-0.5670950356443107,-0.5670950356443107,-0.5670950356443107
-0.5653460333008057,-0.5653460333008057,-0.5653460333008057,-0.5653460333008057,-0.5653460333008057,-0.5653460333008057,-0.5653460333008057,-0.5653460333008057,-0.5653460333008057,-0.5653460333008057,-0.5653460333008057,-0.5653460333008057,-0.5653460333008057,-0.5653460333008057,-0.5653460333008057,-0.5653460333008057,-0.5653460333008057,-0.5653460333008057,-0.5653460333008057,-0.5653460333008057
-0.5406540553638683,-0.5406540553638683,-0.5406540553638683,-0.5406540553638683,-0.5406540553638683,-0.5406540553638683,-0.5406540553638683,-0.5406540553638683,-0.5406540553638683,-0.5406540553638683,-0.5406540553638683,-0.5406540553638683,-0.5406540553638683,-0.5406540553638683,-0.5406540553638683,-0.5406540553638683,-0.5406540553638683,-0.5406540553638683,-0.5406540553638683,-0.5406540553638683
-0.5452498378293048,-0.5452498378293048,-0.5452498378293048,-0.5452498378293048,-0.5452498378293048,-0.5452498378293048,-0.5452498378293048,-0.5452498378293048,-0.5452498378293048,-0.5452498378293048,-0.5452498378293048,-0.5452498378293048,-0.5452498378293048,-0.5452498378293048,-0.5452498378293048,-0.5452498378293048,-0.5452498378293048,-0.5452498378293048,-0.5452498378293048,-0.5452498378293048
-0.5602862781349078,-0.5602862781349078,-0.5602862781349078,-0.5602862781349078,-0.5602862781349078,-0.5602862781349078,-0.5602862781349078,-0.5602862781349078,-0.5602862781349078,-0.5602862781349078,-0.5602862781349078,-0.5602862781349078,-0.5602862781349078,-0.5602862781349078,-0.5602862781349078,-0.5602862781349078,-0.5602862781349078,-0.5602862781349078,-0.5602862781349078,-0.5602862781349078
-0.5714062060336315,-0.5714062060336315,-0.5714062060336315,-0.5714062060336315,-0.5714062060336315,-0.5714062060336315,-0.5714062060336315,-0.5714062060336315,-0.5714062060336315,-0.5714062060336315,-0.5714062060336315,-0.5714062060336315,-0.5714062060336315,-0.5714062060336315,-0.5714062060336315,-0.5714062060336315,-0.5714062060336315,-0.5714062060336315,-0.5714062060336315,-0.5714062060336315
-0.5599878084869481,-0.5599878084869481,-0.5599878084869481,-0.5599878084869481,-0.5599878084869481,-0.5599878084869481,-0.5599878084869481,-0.5599878084869481,-0.5599878084869481,-0.5599878084869481,-0.5599878084869481,-0.5599878084869481,-0.5599878084869481,-0.5599878084869481,-0.5599878084869481,-0.5599878084869481,-0.5599878084869481,-0.5599878084869481,-0.5599878084869481,-0.5599878084869481
-0.5424910075521475,-0.5424910075521475,-0.5424910075521475,-0.5424910075521475,-0.5424910075521475,-0.5424910075521475,-0.5424910075521475,-0.5424910075521475,-0.5424910075521475,-0.5424910075521475,-0.5424910075521475,-0.5424910075521475,-0.5424910075521475,-0.5424910075521475,-0.5424910075521475,-0.5424910075521475,-0.5424910075521475,-0.5424910075521475,-0.5424910075521475,-0.5424910075521475
-0.5529504830254145,-0.5529504830254145,-0.5529504830254145,-0.5529504830254145,-0.5529504830254145,-0.5529504830254145,-0.5529504830254145,-0.5529504830254145,-0.5529504830254145,-0.5529504830254145,-0.5529504830254145,-0.5529504830254145,-0.5529504830254145,-0.5529504830254145,-0.5529504830254145,-0.5529504830254145,-0.5529504830254145,-0.5529504830254145,-0.5529504830254145,-0.5529504830254145
-0.5217140023887185,-0.5217140023887185,-0.5217140023887185,-0.5217140023887185,-0.5217140023887185,-0.5217140023887185,-0.5217140023887185,-0.5217140023887185,-0.5217140023887185,-0.5217140023887185,-0.5217140023887185,-0.5217140023887185,-0.5217140023887185,-0.5217140023887185,-0.5217140023887185,-0.5217140023887185,-0.5217140023887185,-0.5217140023887185,-0.5217140023887185,-0.5217140023887185
-0.5104408170301972,-0.5104408170301972,-0.5104408170301972,-0.5104408170301972,-0.5104408170301972,-0.5104408170301972,-0.5104408170301972,-0.5104408170301972,-0.5104408170301972,-0.5104408170301972,-0.5104408170301972,-0.5104408170301972,-0.5104408170301972,-0.5104408170301972,-0.5104408170301972,-0.5104408170301972,-0.5104408170301972,-0.5104408170301972,-0.5104408170301972,-0.5104408170301972
-0.5247754813157297,-0.5247754813157297,-0.5247754813157297,-0.5247754813157297,-0.5247754813157297,-0.5247754813157297,-0.5247754813157297,-0.5247754813157297,-0.5247754813157297,-0.5247754813157297,-0.5247754813157297,-0.5247754813157297,-0.5247754813157297,-0.5247754813157297,-0.5247754813157297,-0.5247754813157297,-0.5247754813157297,-0.5247754813157297,-0.5247754813157297,-0.5247754813157297
-0.5521706479914573,-0.5521706479914573,-0.5521706479914573,-0.5521706479914573,-0.5521706479914573,-0.5521706479914573,-0.5521706479914573,-0.5521706479914573,-0.5521706479914573,-0.5521706479914573,-0.5521706479914573,-0.5521706479914573,-0.5521706479914573,-0.5521706479914573,-0.5521706479914573,-0.5521706479914573,-0.5521706479914573,-0.5521706479914573,-0.5521706479914573,-0.5521706479914573
-0.5279481346412958,-0.5279481346412958,-0.5279481346412958,-0.5279481346412958,-0.5279481346412958,-0.5279481346412958,-0.5279481346412958,-0.5279481346412958,-0.5279481346412958,-0.5279481346412958,-0.5279481346412958,-0.5279481346412958,-0.5279481346412958,-0.5279481346412958,-0.5279481346412958,-0.5279481346412958,-0.5279481346412958,-0.5279481346412958,-0.5279481346412958,-0.5279481346412958
-0.5419521859668028,-0.5419521859668028,-0.5419521859668028,-0.5419521859668028,-0.5419521859668028,-0.5419521859668028,-0.5419521859668028,-0.5419521859668028,-0.5419521859668028,-0.5419521859668028,-0.5419521859668028,-0.5419521859668028,-0.5419521859668028,-0.5419521859668028,-0.5419521859668028,-0.5419521859668028,-0.5419521859668028,-0.5419521859668028,-0.5419521859668028,-0.5419521859668028
-0.5239134359425968,-0.5239134359425968,-0.5239134359425968,-0.5239134359425968,-0.5239134359425968,-0.5239134359425968,-0.5239134359425968,-0.5239134359425968,-0.5239134359425968,-0.5239134359425968,-0.5239134359425968,-0.5239134359425968,-0.5239134359425968,-0.5239134359425968,-0.5239134359425968,-0.5239134359425968,-0.5239134359425968,-0.5239134359425968,-0.5239134359425968,-0.5239134359425968
-0.5180980606295588,-0.5180980606295588,-0.5180980606295588,-0.5180980606295588,-0.5180980606295588,-0.5180980606295588,-0.5180980606295588,-0.5180980606295588,-0.5180980606295588,-0.5180980606295588,-0.5180980606295588,-0.5180980606295588,-0.5180980606295588,-0.5180980606295588,-0.5180980606295588,-0.5180980606295588,-0.5180980606295588,-0.5180980606295588,-0.5180980606295588,-0.5180980606295588
-0.5109928259242623,-0.5109928259242623,-0.5109928259242623,-0.5109928259242623,-0.5109928259242623,-0.5109928259242623,-0.5109928259242623,-0.5109928259242623,-0.5109928259242623,-0.5109928259242623,-0.5109928259242623,-0.5109928259242623,-0.5109928259242623,-0.5109928259242623,-0.5109928259242623,-0.5109928259242623,-0.5109928259242623,-0.5109928259242623,-0.5109928259242623,-0.5109928259242623
-0.5108740554984522,-0.5108740554984522,-0.5108740554984522,-0.5108740554984522,-0.5108740554984522,-0.5108740554984522,-0.5108740554984522,-0.5108740554984522,-0.5108740554984522,-0.5108740554984522,-0.5108740554984522,-0.5108740554984522,-0.5108740554984522,-0.5108740554984522,-0.5108740554984522,-0.5108740554984522,-0.5108740554984522,-0.5108740554984522,-0.5108740554984522,-0.5108740554984522
-0.46027967235831,-0.46027967235831,-0.46027967235831,-0.46027967235831,-0.46027967235831,-0.46027967235831,-0.46027967235831,-0.46027967235831,-0.46027967235831,-0.46027967235831,-0.46027967235831,-0.46027967235831,-0.46027967235831,-0.46027967235831,-0.46027967235831,-0.46027967235831,-0.46027967235831,-0.46027967235831,-0.46027967235831,-0.46027967235831
-0.4472447934351201,-0.4472447934351201,-0.4472447934351201,-0.4472447934351201,-0.4472447934351201,-0.4472447934351201,-0.4472447934351201,-0.4472447934351201,-0.4472447934351201,-0.4472447934351201,-0.4472447934351201,-0.4472447934351201,-0.4472447934351201,-0.4472447934351201,-0.4472447934351201,-0.4472447934351201,-0.4472447934351201,-0.4472447934351201,-0.4472447934351201,-0.4472447934351201
-0.41991610056687984,-0.41991610056687984,-0.41991610056687984,-0.41991610056687984,-0.41991610056687984,-0.41991610056687984,-0.41991610056687984,-0.41991610056687984,-0.41991610056687984,-0.41991610056687984,-0.41991610056687984,-0.41991610056687984,-0.41991610056687984,-0.41991610056687984,-0.41991610056687984,-0.41991610056687984,-0.41991610056687984,-0.41991610056687984,-0.41991610056687984,-0.41991610056687984
-0.38172220096151493,-0.38172220096151493,-0.38172220096151493,-0.38172220096151493,-0.38172220096151493,-0.38172220096151493,-0.38172220096151493,-0.38172220096151493,-0.38172220096151493,-0.38172220096151493,-0.38172220096151493,-0.38172220096151493,-0.38172220096151493,-0.38172220096151493,-0.38172220096151493,-0.38172220096151493,-0.38172220096151493,-0.38172220096151493,-0.38172220096151493,-0.38172220096151493
-0.36941926362921884,-0.36941926362921884,-0.36941926362921884,-0.36941926362921884,-0.36941926362921884,-0.36941926362921884,-0.36941926362921884,-0.36941926362921884,-0.36941926362921884,-0.36941926362921884,-0.36941926362921884,-0.36941926362921884,-0.36941926362921884,-0.36941926362921884,-0.36941926362921884,-0.36941926362921884,-0.36941926362921884,-0.36941926362921884,-0.36941926362921884,-0.36941926362921884
-0.41373532937989427,-0.41373532937989427,-0.41373532937989427,-0.41373532937989427,-0.41373532937989427,-0.41373532937989427,-0.41373532937989427,-0.41373532937989427,-0.41373532937989427,-0.41373532937989427,-0.41373532937989427,-0.41373532937989427,-0.41373532937989427,-0.41373532937989427,-0.41373532937989427,-0.41373532937989427,-0.41373532937989427,-0.41373532937989427,-0.41373532937989427,-0.41373532937989427
-0.30942373217783764,-0.30942373217783764,-0.30942373217783764,-0.30942373217783764,-0.30942373217783764,-0.30942373217783764,-0.30942373217783764,-0.30942373217783764,-0.30942373217783764,-0.30942373217783764,-0.30942373217783764,-0.30942373217783764,-0.30942373217783764,-0.30942373217783764,-0.30942373217783764,-0.30942373217783764,-0.30942373217783764,-0.30942373217783764,-0.30942373217783764,-0.30942373217783764
-7.115076756936123e-19,-7.115076756936123e-19,-7.115076756936123e-19,-7.115076756936123e-19,-7.115076756936123e-19,-7.115076756936123e-19,-7.115076756936123e-19,-7.115076756936123e-19,-7.115076756936123e-19,-7.115076756936123e-19,-7.115076756936123e-19,-7.115076756936123e-19,-7.115076756936123e-19,-7.115076756936123e-19,-7.115076756936123e-19,-7.115076756936123e-19,-7.115076756936123e-19,-7.115076756936123e-19,-7.115076756936123e-19,-7.115076756936123e-19
-2.9253893861298577e-32,-2.9253893861298577e-32,-2.9253893861298577e-32,-2.9253893861298577e-32,-2.9253893861298577e-32,-2.9253893861298577e-32,-2.9253893861298577e-32,-2.9253893861298577e-32,-2.9253893861298577e-32,-2.9253893861298577e-32,-2.9253893861298577e-32,-2.9253893861298577e-32,-2.9253893861298577e-32,-2.9253893861298577e-32,-2.9253893861298577e-32,-2.9253893861298577e-32,-2.9253893861298577e-32,-2.9253893861298577e-32,-2.9253893861298577e-32,-2.9253893861298577e-32
-5.625831998405334e-32,-5.625831998405334e-32,-5.625831998405334e-32,-5.625831998405334e-32,-5.625831998405334e-32,-5.625831998405334e-32,-5.625831998405334e-32,-5.625831998405334e-32,-5.625831998405334e-32,-5.625831998405334e-32,-5.625831998405334e-32,-5.625831998405334e-32,-5.625831998405334e-32,-5.625831998405334e-32,-5.625831998405334e-32,-5.625831998405334e-32,-5.625831998405334e-32,-5.625831998405334e-32,-5.625831998405334e-32,-5.625831998405334e-32
-3.0448276507608123e-31,-3.0448276507608123e-31,-3.0448276507608123e-31,-3.0448276507608123e-31,-3.0448276507608123e-31,-3.0448276507608123e-31,-3.0448276507608123e-31,-3.0448276507608123e-31,-3.0448276507608123e-31,-3.0448276507608123e-31,-3.0448276507608123e-31,-3.0448276507608123e-31,-3.0448276507608123e-31,-3.0448276507608123e-31,-3.0448276507608123e-31,-3.0448276507608123e-31,-3.0448276507608123e-31,-3.0448276507608123e-31,-3.0448276507608123e-31,-3.0448276507608123e-31
-6.216052043222518e-32,-6.216052043222518e-32,-6.216052043222518e-32,-6.216052043222518e-32,-6.216052043222518e-32,-6.216052043222518e-32,-6.216052043222518e-32,-6.216052043222518e-32,-6.216052043222518e-32,-6.216052043222518e-32,-6.216052043222518e-32,-6.216052043222518e-32,-6.216052043222518e-32,-6.216052043222518e-32,-6.216052043222518e-32,-6.216052043222518e-32,-6.216052043222518e-32,-6.216052043222518e-32,-6.216052043222518e-32,-6.216052043222518e-32
-1.709478931690465e-31,-1.709478931690465e-31,-1.709478931690465e-31,-1.709478931690465e-31,-1.709478931690465e-31,-1.709478931690465e-31,-1.709478931690465e-31,-1.709478931690465e-31,-1.709478931690465e-31,-1.709478931690465e-31,-1.709478931690465e-31,-1.709478931690465e-31,-1.709478931690465e-31,-1.709478931690465e-31,-1.709478931690465e-31,-1.709478931690465e-31,-1.709478931690465e-31,-1.709478931690465e-31,-1.709478931690465e-31,-1.709478931690465e-31
-2.7817669757005797e-32,-2.7817669757005797e-32,-2.7817669757005797e-32,-2.7817669757005797e-32,-2.7817669757005797e-32,-2.7817669757005797e-32,-2.7817669757005797e-32,-2.7817669757005797e-32,-2.7817669757005797e-32,-2.7817669757005797e-32,-2.7817669757005797e-32,-2.7817669757005797e-32,-2.7817669757005797e-32,-2.7817669757005797e-32,-2.7817669757005797e-32,-2.7817669757005797e-32,-2.7817669757005797e-32,-2.7817669757005797e-32,-2.7817669757005797e-32,-2.7817669757005797e-32
-1.3989154817711602e-31,-1.3989154817711602e-31,-1.3989154817711602e-31,-1.3989154817711602e-31,-1.3989154817711602e-31,-1.3989154817711602e-31,-1.3989154817711602e-31,-1.3989154817711602e-31,-1.3989154817711602e-31,-1.3989154817711602e-31,-1.3989154817711602e-31,-1.3989154817711602e-31,-1.3989154817711602e-31,-1.3989154817711602e-31,-1.3989154817711602e-31,-1.3989154817711602e-31,-1.3989154817711602e-31,-1.3989154817711602e-31,-1.3989154817711602e-31,-1.3989154817711602e-31
-4.067989779861489e-32,-4.067989779861489e-32,-4.067989779861489e-32,-4.067989779861489e-32,-4.067989779861489e-32,-4.067989779861489e-32,-4.067989779861489e-32,-4.067989779861489e-32,-4.067989779861489e-32,-4.067989779861489e-32,-4.067989779861489e-32,-4.067989779861489e-32,-4.067989779861489e-32,-4.067989779861489e-32,-4.067989779861489e-32,-4.067989779861489e-32,-4.067989779861489e-32,-4.067989779861489e-32,-4.067989779861489e-32,-4.067989779861489e-32
-1.6176501033226223e-32,-1.6176501033226223e-32,-1.6176501033226223e-32,-1.6176501033226223e-32,-1.6176501033226223e-32,-1.6176501033226223e-32,-1.6176501033226223e-32,-1.6176501033226223e-32,-1.6176501033226223e-32,-1.6176501033226223e-32,-1.6176501033226223e-32,-1.6176501033226223e-32,-1.6176501033226223e-32,-1.6176501033226223e-32,-1.6176501033226223e-32,-1.6176501033226223e-32,-1.6176501033226223e-32,-1.6176501033226223e-32,-1.6176501033226223e-32,-1.6176501033226223e-32
-7.262646418543437e-32,-7.262646418543437e-32,-7.262646418543437e-32,-7.262646418543437e-32,-7.262646418543437e-32,-7.262646418543437e-32,-7.262646418543437e-32,-7.262646418543437e-32,-7.262646418543437e-32,-7.262646418543437e-32,-7.262646418543437e-32,-7.262646418543437e-32,-7.262646418543437e-32,-7.262646418543437e-32,-7.262646418543437e-32,-7.262646418543437e-32,-7.262646418543437e-32,-7.262646418543437e-32,-7.262646418543437e-32,-7.262646418543437e-32
-3.861922745704629e-32,-3.861922745704629e-32,-3.861922745704629e-32,-3.861922745704629e-32,-3.861922745704629e-32,-3.861922745704629e-32,-3.861922745704629e-32,-3.861922745704629e-32,-3.861922745704629e-32,-3.861922745704629e-32,-3.861922745704629e-32,-3.861922745704629e-32,-3.861922745704629e-32,-3.861922745704629e-32,-3.861922745704629e-32,-3.861922745704629e-32,-3.861922745704629e-32,-3.861922745704629e-32,-3.861922745704629e-32,-3.861922745704629e-32
-8.419267709492284e-32,-8.419267709492284e-32,-8.419267709492284e-32,-8.419267709492284e-32,-8.419267709492284e-32,-8.419267709492284e-32,-8.419267709492284e-32,-8.419267709492284e-32,-8.419267709492284e-32,-8.419267709492284e-32,-8.419267709492284e-32,-8.419267709492284e-32,-8.419267709492284e-32,-8.419267709492284e-32,-8.419267709492284e-32,-8.419267709492284e-32,-8.419267709492284e-32,-8.419267709492284e-32,-8.419267709492284e-32,-8.419267709492284e-32
-5.150418142957979e-32,-5.150418142957979e-32,-5.150418142957979e-32,-5.150418142957979e-32,-5.150418142957979e-32,-5.150418142957979e-32,-5.150418142957979e-32,-5.150418142957979e-32,-5.150418142957979e-32,-5.150418142957979e-32,-5.150418142957979e-32,-5.150418142957979e-32,-5.150418142957979e-32,-5.150418142957979e-32,-5.150418142957979e-32,-5.150418142957979e-32,-5.150418142957979e-32,-5.150418142957979e-32,-5.150418142957979e-32,-5.150418142957979e-32
-3.2138624207002187e-32,-3.2138624207002187e-32,-3.2138624207002187e-32,-3.2138624207002187e-32,-3.2138624207002187e-32,-3.2138624207002187e-32,-3.2138624207002187e-32,-3.2138624207002187e-32,-3.2138624207002187e-32,-3.2138624207002187e-32,-3.2138624207002187e-32,-3.2138624207002187e-32,-3.2138624207002187e-32,-3.2138624207002187e-32,-3.2138624207002187e-32,-3.2138624207002187e-32,-3.2138624207002187e-32,-3.2138624207002187e-32,-3.2138624207002187e-32,-3.2138624207002187e-32
-1.7693917429857116e-32,-1.7693917429857116e-32,-1.7693917429857116e-32,-1.7693917429857116e-32,-1.7693917429857116e-32,-1.7693917429857116e-32,-1.7693917429857116e-32,-1.7693917429857116e-32,-1.7693917429857116e-32,-1.7693917429857116e-32,-1.7693917429857116e-32,-1.7693917429857116e-32,-1.7693917429857116e-32,-1.7693917429857116e-32,-1.7693917429857116e-32,-1.7693917429857116e-32,-1.7693917429857116e-32,-1.7693917429857116e-32,-1.7693917429857116e-32,-1.7693917429857116e-32
-9.741523412068695e-32,-9.741523412068695e-32,-9.741523412068695e-32,-9.741523412068695e-32,-9.741523412068695e-32,-9.741523412068695e-32,-9.741523412068695e-32,-9.741523412068695e-32,-9.741523412068695e-32,-9.741523412068695e-32,-9.741523412068695e-32,-9.741523412068695e-32,-9.741523412068695e-32,-9.741523412068695e-32,-9.741523412068695e-32,-9.741523412068695e-32,-9.741523412068695e-32,-9.741523412068695e-32,-9.741523412068695e-32,-9.741523412068695e-32
-1.0892198047318485e-31,-1.0892198047318485e-31,-1.0892198047318485e-31,-1.0892198047318485e-31,-1.0892198047318485e-31,-1.0892198047318485e-31,-1.0892198047318485e-31,-1.0892198047318485e-31,-1.0892198047318485e-31,-1.0892198047318485e-31,-1.0892198047318485e-31,-1.0892198047318485e-31,-1.0892198047318485e-31,-1.0892198047318485e-31,-1.0892198047318485e-31,-1.0892198047318485e-31,-1.0892198047318485e-31,-1.0892198047318485e-31,-1.0892198047318485e-31,-1.0892198047318485e-31
-1.6934385860395383e-32,-1.6934385860395383e-32,-1.6934385860395383e-32,-1.6934385860395383e-32,-1.6934385860395383e-32,-1.6934385860395383e-32,-1.6934385860395383e-32,-1.6934385860395383e-32,-1.6934385860395383e-32,-1.6934385860395383e-32,-1.6934385860395383e-32,-1.6934385860395383e-32,-1.6934385860395383e-32,-1.6934385860395383e-32,-1.6934385860395383e-32,-1.6934385860395383e-32,-1.6934385860395383e-32,-1.6934385860395383e-32,-1.6934385860395383e-32,-1.6934385860395383e-32
-2.1131272026116353e-32,-2.1131272026116353e-32,-2.1131272026116353e-32,-2.1131272026116353e-32,-2.1131272026116353e-32,-2.1131272026116353e-32,-2.1131272026116353e-32,-2.1131272026116353e-32,-2.1131272026116353e-32,-2.1131272026116353e-32,-2.1131272026116353e-32,-2.1131272026116353e-32,-2.1131272026116353e-32,-2.1131272026116353e-32,-2.1131272026116353e-32,-2.1131272026116353e-32,-2.1131272026116353e-32,-2.1131272026116353e-32,-2.1131272026116353e-32,-2.1131272026116353e-32
-2.641052949883547e-32,-2.641052949883547e-32,-2.641052949883547e-32,-2.641052949883547e-32,-2.641052949883547e-32,-2.641052949883547e-32,-2.641052949883547e-32,-2.641052949883547e-32,-2.641052949883547e-32,-2.641052949883547e-32,-2.641052949883547e-32,-2.641052949883547e-32,-2.641052949883547e-32,-2.641052949883547e-32,-2.641052949883547e-32,-2.641052949883547e-32,-2.641052949883547e-32,-2.641052949883547e-32,-2.641052949883547e-32,-2.641052949883547e-32
-1.8330546629575784e-32,-1.8330546629575784e-32,-1.8330546629575784e-32,-1.8330546629575784e-32,-1.8330546629575784e-32,-1.8330546629575784e-32,-1.8330546629575784e-32,-1.8330546629575784e-32,-1.8330546629575784e-32,-1.8330546629575784e-32,-1.8330546629575784e-32,-1.8330546629575784e-32,-1.8330546629575784e-32,-1.8330546629575784e-32,-1.8330546629575784e-32,-1.8330546629575784e-32,-1.8330546629575784e-32,-1.8330546629575784e-32,-1.8330546629575784e-32,-1.8330546629575784e-32
-5.559871409080065e-32,-5.559871409080065e-32,-5.559871409080065e-32,-5.559871409080065e-32,-5.559871409080065e-32,-5.559871409080065e-32,-5.559871409080065e-32,-5.559871409080065e-32,-5.559871409080065e-32,-5.559871409080065e-32,-5.559871409080065e-32,-5.559871409080065e-32,-5.559871409080065e-32,-5.559871409080065e-32,-5.559871409080065e-32,-5.559871409080065e-32,-5.559871409080065e-32,-5.559871409080065e-32,-5.559871409080065e-32,-5.559871409080065e-32
-5.728550254702971e-32,-5.728550254702971e-32,-5.728550254702971e-32,-5.728550254702971e-32,-5.728550254702971e-32,-5.728550254702971e-32,-5.728550254702971e-32,-5.728550254702971e-32,-5.728550254702971e-32,-5.728550254702971e-32,-5.728550254702971e-32,-5.728550254702971e-32,-5.728550254702971e-32,-5.728550254702971e-32,-5.728550254702971e-32,-5.728550254702971e-32,-5.728550254702971e-32,-5.728550254702971e-32,-5.728550254702971e-32,-5.728550254702971e-32
-1.9608875562132375e-32,-1.9608875562132375e-32,-1.9608875562132375e-32,-1.9608875562132375e-32,-1.9608875562132375e-32,-1.9608875562132375e-32,-1.9608875562132375e-32,-1.9608875562132375e-32,-1.9608875562132375e-32,-1.9608875562132375e-32,-1.9608875562132375e-32,-1.9608875562132375e-32,-1.9608875562132375e-32,-1.9608875562132375e-32,-1.9608875562132375e-32,-1.9608875562132375e-32,-1.9608875562132375e-32,-1.9608875562132375e-32,-1.9608875562132375e-32,-1.9608875562132375e-32
-3.5845269744265593e-32,-3.5845269744265593e-32,-3.5845269744265593e-32,-3.5845269744265593e-32,-3.5845269744265593e-32,-3.5845269744265593e-32,-3.5845269744265593e-32,-3.5845269744265593e-32,-3.5845269744265593e-32,-3.5845269744265593e-32,-3.5845269744265593e-32,-3.5845269744265593e-32,-3.5845269744265593e-32,-3.5845269744265593e-32,-3.5845269744265593e-32,-3.5845269744265593e-32,-3.5845269744265593e-32,-3.5845269744265593e-32,-3.5845269744265593e-32,-3.5845269744265593e-32
-6.478346094104566e-32,-6.478346094104566e-32,-6.478346094104566e-32,-6.478346094104566e-32,-6.478346094104566e-32,-6.478346094104566e-32,-6.478346094104566e-32,-6.478346094104566e-32,-6.478346094104566e-32,-6.478346094104566e-32,-6.478346094104566e-32,-6.478346094104566e-32,-6.478346094104566e-32,-6.478346094104566e-32,-6.478346094104566e-32,-6.478346094104566e-32,-6.478346094104566e-32,-6.478346094104566e-32,-6.478346094104566e-32,-6.478346094104566e-32
-1.6803573707627583e-32,-1.6803573707627583e-32,-1.6803573707627583e-32,-1.6803573707627583e-32,-1.6803573707627583e-32,-1.6803573707627583e-32,-1.6803573707627583e-32,-1.6803573707627583e-32,-1.6803573707627583e-32,-1.6803573707627583e-32,-1.6803573707627583e-32,-1.6803573707627583e-32,-1.6803573707627583e-32,-1.6803573707627583e-32,-1.6803573707627583e-32,-1.6803573707627583e-32,-1.6803573707627583e-32,-1.6803573707627583e-32,-1.6803573707627583e-32,-1.6803573707627583e-32
-5.015166864490696e-32,-5.015166864490696e-32,-5.015166864490696e-32,-5.015166864490696e-32,-5.015166864490696e-32,-5.015166864490696e-32,-5.015166864490696e-32,-5.015166864490696e-32,-5.015166864490696e-32,-5.015166864490696e-32,-5.015166864490696e-32,-5.015166864490696e-32,-5.015166864490696e-32,-5.015166864490696e-32,-5.015166864490696e-32,-5.015166864490696e-32,-5.015166864490696e-32,-5.015166864490696e-32,-5.015166864490696e-32,-5.015166864490696e-32
-9.897785991106152e-32,-9.897785991106152e-32,-9.897785991106152e-32,-9.897785991106152e-32,-9.897785991106152e-32,-9.897785991106152e-32,-9.897785991106152e-32,-9.897785991106152e-32,-9.897785991106152e-32,-9.897785991106152e-32,-9.897785991106152e-32,-9.897785991106152e-32,-9.897785991106152e-32,-9.897785991106152e-32,-9.897785991106152e-32,-9.897785991106152e-32,-9.897785991106152e-32,-9.897785991106152e-32,-9.897785991106152e-32,-9.897785991106152e-32
-1.8145085960894993e-32,-1.8145085960894993e-32,-1.8145085960894993e-32,-1.8145085960894993e-32,-1.8145085960894993e-32,-1.8145085960894993e-32,-1.8145085960894993e-32,-1.8145085960894993e-32,-1.8145085960894993e-32,-1.8145085960894993e-32,-1.8145085960894993e-32,-1.8145085960894993e-32,-1.8145085960894993e-32,-1.8145085960894993e-32,-1.8145085960894993e-32,-1.8145085960894993e-32,-1.8145085960894993e-32,-1.8145085960894993e-32,-1.8145085960894993e-32,-1.8145085960894993e-32
-1.2526414252936504e-32,-1.2526414252936504e-32,-1.2526414252936504e-32,-1.2526414252936504e-32,-1.2526414252936504e-32,-1.2526414252936504e-32,-1.2526414252936504e-32,-1.2526414252936504e-32,-1.2526414252936504e-32,-1.2526414252936504e-32,-1.2526414252936504e-32,-1.2526414252936504e-32,-1.2526414252936504e-32,-1.2526414252936504e-32,-1.2526414252936504e-32,-1.2526414252936504e-32,-1.2526414252936504e-32,-1.2526414252936504e-32,-1.2526414252936504e-32,-1.2526414252936504e-32
-3.4321039391594855e-32,-3.4321039391594855e-32,-3.4321039391594855e-32,-3.4321039391594855e-32,-3.4321039391594855e-32,-3.4321039391594855e-32,-3.4321039391594855e-32,-3.4321039391594855e-32,-3.4321039391594855e-32,-3.4321039391594855e-32,-3.4321039391594855e-32,-3.4321039391594855e-32,-3.4321039391594855e-32,-3.4321039391594855e-32,-3.4321039391594855e-32,-3.4321039391594855e-32,-3.4321039391594855e-32,-3.4321039391594855e-32,-3.4321039391594855e-32,-3.4321039391594855e-32
-1.8518808880097335e-32,-1.8518808880097335e-32,-1.8518808880097335e-32,-1.8518808880097335e-32,-1.8518808880097335e-32,-1.8518808880097335e-32,-1.8518808880097335e-32,-1.8518808880097335e-32,-1.8518808880097335e-32,-1.8518808880097335e-32,-1.8518808880097335e-32,-1.8518808880097335e-32,-1.8518808880097335e-32,-1.8518808880097335e-32,-1.8518808880097335e-32,-1.8518808880097335e-32,-1.8518808880097335e-32,-1.8518808880097335e-32,-1.8518808880097335e-32,-1.8518808880097335e-32
-5.70411417226969e-32,-5.70411417226969e-32,-5.70411417226969e-32,-5.70411417226969e-32,-5.70411417226969e-32,-5.70411417226969e-32,-5.70411417226969e-32,-5.70411417226969e-32,-5.70411417226969e-32,-5.70411417226969e-32,-5.70411417226969e-32,-5.70411417226969e-32,-5.70411417226969e-32,-5.70411417226969e-32,-5.70411417226969e-32,-5.70411417226969e-32,-5.70411417226969e-32,-5.70411417226969e-32,-5.70411417226969e-32,-5.70411417226969e-32
-1.6885005660848667e-32,-1.6885005660848667e-32,-1.6885005660848667e-32,-1.6885005660848667e-32,-1.6885005660848667e-32,-1.6885005660848667e-32,-1.6885005660848667e-32,-1.6885005660848667e-32,-1.6885005660848667e-32,-1.6885005660848667e-32,-1.6885005660848667e-32,-1.6885005660848667e-32,-1.6885005660848667e-32,-1.6885005660848667e-32,-1.6885005660848667e-32,-1.6885005660848667e-32,-1.6885005660848667e-32,-1.6885005660848667e-32,-1.6885005660848667e-32,-1.6885005660848667e-32
-3.5093979642968616e-32,-3.5093979642968616e-32,-3.5093979642968616e-32,-3.5093979642968616e-32,-3.5093979642968616e-32,-3.5093979642968616e-32,-3.5093979642968616e-32,-3.5093979642968616e-32,-3.5093979642968616e-32,-3.5093979642968616e-32,-3.5093979642968616e-32,-3.5093979642968616e-32,-3.5093979642968616e-32,-3.5093979642968616e-32,-3.5093979642968616e-32,-3.5093979642968616e-32,-3.5093979642968616e-32,-3.5093979642968616e-32,-3.5093979642968616e-32,-3.5093979642968616e-32
-1.9382463984356655e-32,-1.9382463984356655e-32,-1.9382463984356655e-32,-1.9382463984356655e-32,-1.9382463984356655e-32,-1.9382463984356655e-32,-1.9382463984356655e-32,-1.9382463984356655e-32,-1.9382463984356655e-32,-1.9382463984356655e-32,-1.9382463984356655e-32,-1.9382463984356655e-32,-1.9382463984356655e-32,-1.9382463984356655e-32,-1.9382463984356655e-32,-1.9382463984356655e-32,-1.9382463984356655e-32,-1.9382463984356655e-32,-1.9382463984356655e-32,-1.9382463984356655e-32
-1.2820005160940233e-32,-1.2820005160940233e-32,-1.2820005160940233e-32,-1.2820005160940233e-32,-1.2820005160940233e-32,-1.2820005160940233e-32,-1.2820005160940233e-32,-1.2820005160940233e-32,-1.2820005160940233e-32,-1.2820005160940233e-32,-1.2820005160940233e-32,-1.2820005160940233e-32,-1.2820005160940233e-32,-1.2820005160940233e-32,-1.2820005160940233e-32,-1.2820005160940233e-32,-1.2820005160940233e-32,-1.2820005160940233e-32,-1.2820005160940233e-32,-1.2820005160940233e-32
-2.6146996533888447e-32,-2.6146996533888447e-32,-2.6146996533888447e-32,-2.6146996533888447e-32,-2.6146996533888447e-32,-2.6146996533888447e-32,-2.6146996533888447e-32,-2.6146996533888447e-32,-2.6146996533888447e-32,-2.6146996533888447e-32,-2.6146996533888447e-32,-2.6146996533888447e-32,-2.6146996533888447e-32,-2.6146996533888447e-32,-2.6146996533888447e-32,-2.6146996533888447e-32,-2.6146996533888447e-32,-2.6146996533888447e-32,-2.6146996533888447e-32,-2.6146996533888447e-32
-1.5020705572931874e-32,-1.5020705572931874e-32,-1.5020705572931874e-32,-1.5020705572931874e-32,-1.5020705572931874e-32,-1.5020705572931874e-32,-1.5020705572931874e-32,-1.5020705572931874e-32,-1.5020705572931874e-32,-1.5020705572931874e-32,-1.5020705572931874e-32,-1.5020705572931874e-32,-1.5020705572931874e-32,-1.5020705572931874e-32,-1.5020705572931874e-32,-1.5020705572931874e-32,-1.5020705572931874e-32,-1.5020705572931874e-32,-1.5020705572931874e-32,-1.5020705572931874e-32
-1.4519355433626968e-32,-1.4519355433626968e-32,-1.4519355433626968e-32,-1.4519355433626968e-32,-1.4519355433626968e-32,-1.4519355433626968e-32,-1.4519355433626968e-32,-1.4519355433626968e-32,-1.4519355433626968e-32,-1.4519355433626968e-32,-1.4519355433626968e-32,-1.4519355433626968e-32,-1.4519355433626968e-32,-1.4519355433626968e-32,-1.4519355433626968e-32,-1.4519355433626968e-32,-1.4519355433626968e-32,-1.4519355433626968e-32,-1.4519355433626968e-32,-1.4519355433626968e-32
-1.5761214901791046e-32,-1.5761214901791046e-32,-1.5761214901791046e-32,-1.5761214901791046e-32,-1.5761214901791046e-32,-1.5761214901791046e-32,-1.5761214901791046e-32,-1.5761214901791046e-32,-1.5761214901791046e-32,-1.5761214901791046e-32,-1.5761214901791046e-32,-1.5761214901791046e-32,-1.5761214901791046e-32,-1.5761214901791046e-32,-1.5761214901791046e-32,-1.5761214901791046e-32,-1.5761214901791046e-32,-1.5761214901791046e-32,-1.5761214901791046e-32,-1.5761214901791046e-32
-1.599007526739197e-32,-1.599007526739197e-32,-1.599007526739197e-32,-1.599007526739197e-32,-1.599007526739197e-32,-1.599007526739197e-32,-1.599007526739197e-32,-1.599007526739197e-32,-1.599007526739197e-32,-1.599007526739197e-32,-1.599007526739197e-32,-1.599007526739197e-32,-1.599007526739197e-32,-1.599007526739197e-32,-1.599007526739197e-32,-1.599007526739197e-32,-1.599007526739197e-32,-1.599007526739197e-32,-1.599007526739197e-32,-1.599007526739197e-32
-1.0035671771856218e-31,-1.0035671771856218e-31,-1.0035671771856218e-31,-1.0035671771856218e-31,-1.0035671771856218e-31,-1.0035671771856218e-31,-1.0035671771856218e-31,-1.0035671771856218e-31,-1.0035671771856218e-31,-1.0035671771856218e-31,-1.0035671771856218e-31,-1.0035671771856218e-31,-1.0035671771856218e-31,-1.0035671771856218e-31,-1.0035671771856218e-31,-1.0035671771856218e-31,-1.0035671771856218e-31,-1.0035671771856218e-31,-1.0035671771856218e-31,-1.0035671771856218e-31
-1.6129960598453655e-32,-1.6129960598453655e-32,-1.6129960598453655e-32,-1.6129960598453655e-32,-1.6129960598453655e-32,-1.6129960598453655e-32,-1.6129960598453655e-32,-1.6129960598453655e-32,-1.6129960598453655e-32,-1.6129960598453655e-32,-1.6129960598453655e-32,-1.6129960598453655e-32,-1.6129960598453655e-32,-1.6129960598453655e-32,-1.6129960598453655e-32,-1.6129960598453655e-32,-1.6129960598453655e-32,-1.6129960598453655e-32,-1.6129960598453655e-32,-1.6129960598453655e-32
-2.812468847325483e-32,-2.812468847325483e-32,-2.812468847325483e-32,-2.812468847325483e-32,-2.812468847325483e-32,-2.812468847325483e-32,-2.812468847325483e-32,-2.812468847325483e-32,-2.812468847325483e-32,-2.812468847325483e-32,-2.812468847325483e-32,-2.812468847325483e-32,-2.812468847325483e-32,-2.812468847325483e-32,-2.812468847325483e-32,-2.812468847325483e-32,-2.812468847325483e-32,-2.812468847325483e-32,-2.812468847325483e-32,-2.812468847325483e-32
-2.3582112898925785e-32,-2.3582112898925785e-32,-2.3582112898925785e-32,-2.3582112898925785e-32,-2.3582112898925785e-32,-2.3582112898925785e-32,-2.3582112898925785e-32,-2.3582112898925785e-32,-2.3582112898925785e-32,-2.3582112898925785e-32,-2.3582112898925785e-32,-2.3582112898925785e-32,-2.3582112898925785e-32,-2.3582112898925785e-32,-2.3582112898925785e-32,-2.3582112898925785e-32,-2.3582112898925785e-32,-2.3582112898925785e-32,-2.3582112898925785e-32,-2.3582112898925785e-32
-2.2654029008949356e-32,-2.2654029008949356e-32,-2.2654029008949356e-32,-2.2654029008949356e-32,-2.2654029008949356e-32,-2.2654029008949356e-32,-2.2654029008949356e-32,-2.2654029008949356e-32,-2.2654029008949356e-32,-2.2654029008949356e-32,-2.2654029008949356e-32,-2.2654029008949356e-32,-2.2654029008949356e-32,-2.2654029008949356e-32,-2.2654029008949356e-32,-2.2654029008949356e-32,-2.2654029008949356e-32,-2.2654029008949356e-32,-2.2654029008949356e-32,-2.2654029008949356e-32
-2.7162602049952506e-32,-2.7162602049952506e-32,-2.7162602049952506e-32,-2.7162602049952506e-32,-2.7162602049952506e-32,-2.7162602049952506e-32,-2.7162602049952506e-32,-2.7162602049952506e-32,-2.7162602049952506e-32,-2.7162602049952506e-32,-2.7162602049952506e-32,-2.7162602049952506e-32,-2.7162602049952506e-32,-2.7162602049952506e-32,-2.7162602049952506e-32,-2.7162602049952506e-32,-2.7162602049952506e-32,-2.7162602049952506e-32,-2.7162602049952506e-32,-2.7162602049952506e-32
-2.1489060880422682e-32,-2.1489060880422682e-32,-2.1489060880422682e-32,-2.1489060880422682e-32,-2.1489060880422682e-32,-2.1489060880422682e-32,-2.1489060880422682e-32,-2.1489060880422682e-32,-2.1489060880422682e-32,-2.1489060880422682e-32,-2.1489060880422682e-32,-2.1489060880422682e-32,-2.1489060880422682e-32,-2.1489060880422682e-32,-2.1489060880422682e-32,-2.1489060880422682e-32,-2.1489060880422682e-32,-2.1489060880422682e-32,-2.1489060880422682e-32,-2.1489060880422682e-32
-4.698890474305908e-32,-4.698890474305908e-32,-4.698890474305908e-32,-4.698890474305908e-32,-4.698890474305908e-32,-4.698890474305908e-32,-4.698890474305908e-32,-4.698890474305908e-32,-4.698890474305908e-32,-4.698890474305908e-32,-4.698890474305908e-32,-4.698890474305908e-32,-4.698890474305908e-32,-4.698890474305908e-32,-4.698890474305908e-32,-4.698890474305908e-32,-4.698890474305908e-32,-4.698890474305908e-32,-4.698890474305908e-32,-4.698890474305908e-32
-2.0556370931480806e-32,-2.0556370931480806e-32,-2.0556370931480806e-32,-2.0556370931480806e-32,-2.0556370931480806e-32,-2.0556370931480806e-32,-2.0556370931480806e-32,-2.0556370931480806e-32,-2.0556370931480806e-32,-2.0556370931480806e-32,-2.0556370931480806e-32,-2.0556370931480806e-32,-2.0556370931480806e-32,-2.0556370931480806e-32,-2.0556370931480806e-32,-2.0556370931480806e-32,-2.0556370931480806e-32,-2.0556370931480806e-32,-2.0556370931480806e-32,-2.0556370931480806e-32
-2.9664672217298806e-32,-2.9664672217298806e-32,-2.9664672217298806e-32,-2.9664672217298806e-32,-2.9664672217298806e-32,-2.9664672217298806e-32,-2.9664672217298806e-32,-2.9664672217298806e-32,-2.9664672217298806e-32,-2.9664672217298806e-32,-2.9664672217298806e-32,-2.9664672217298806e-32,-2.9664672217298806e-32,-2.9664672217298806e-32,-2.9664672217298806e-32,-2.9664672217298806e-32,-2.9664672217298806e-32,-2.9664672217298806e-32,-2.9664672217298806e-32,-2.9664672217298806e-32
-3.855413524498957e-32,-3.855413524498957e-32,-3.855413524498957e-32,-3.855413524498957e-32,-3.855413524498957e-32,-3.855413524498957e-32,-3.855413524498957e-32,-3.855413524498957e-32,-3.855413524498957e-32,-3.855413524498957e-32,-3.855413524498957e-32,-3.855413524498957e-32,-3.855413524498957e-32,-3.855413524498957e-32,-3.855413524498957e-32,-3.855413524498957e-32,-3.855413524498957e-32,-3.855413524498957e-32,-3.855413524498957e-32,-3.855413524498957e-32
-8.167606926932288e-32,-8.167606926932288e-32,-8.167606926932288e-32,-8.167606926932288e-32,-8.167606926932288e-32,-8.167606926932288e-32,-8.167606926932288e-32,-8.167606926932288e-32,-8.167606926932288e-32,-8.167606926932288e-32,-8.167606926932288e-32,-8.167606926932288e-32,-8.167606926932288e-32,-8.167606926932288e-32,-8.167606926932288e-32,-8.167606926932288e-32,-8.167606926932288e-32,-8.167606926932288e-32,-8.167606926932288e-32,-8.167606926932288e-32
-3.388839493348607e-32,-3.388839493348607e-32,-3.388839493348607e-32,-3.388839493348607e-32,-3.388839493348607e-32,-3.388839493348607e-32,-3.388839493348607e-32,-3.388839493348607e-32,-3.388839493348607e-32,-3.388839493348607e-32,-3.388839493348607e-32,-3.388839493348607e-32,-3.388839493348607e-32,-3.388839493348607e-32,-3.388839493348607e-32,-3.388839493348607e-32,-3.388839493348607e-32,-3.388839493348607e-32,-3.388839493348607e-32,-3.388839493348607e-32
-1.7673716952292314e-32,-1.7673716952292314e-32,-1.7673716952292314e-32,-1.7673716952292314e-32,-1.7673716952292314e-32,-1.7673716952292314e-32,-1.7673716952292314e-32,-1.7673716952292314e-32,-1.7673716952292314e-32,-1.7673716952292314e-32,-1.7673716952292314e-32,-1.7673716952292314e-32,-1.7673716952292314e-32,-1.7673716952292314e-32,-1.7673716952292314e-32,-1.7673716952292314e-32,-1.7673716952292314e-32,-1.7673716952292314e-32,-1.7673716952292314e-32,-1.7673716952292314e-32
-1.5951229195602626e-32,-1.5951229195602626e-32,-1.5951229195602626e-32,-1.5951229195602626e-32,-1.5951229195602626e-32,-1.5951229195602626e-32,-1.5951229195602626e-32,-1.5951229195602626e-32,-1.5951229195602626e-32,-1.5951229195602626e-32,-1.5951229195602626e-32,-1.5951229195602626e-32,-1.5951229195602626e-32,-1.5951229195602626e-32,-1.5951229195602626e-32,-1.5951229195602626e-32,-1.5951229195602626e-32,-1.5951229195602626e-32,-1.5951229195602626e-32,-1.5951229195602626e-32
-1.4842935483144183e-32,-1.4842935483144183e-32,-1.4842935483144183e-32,-1.4842935483144183e-32,-1.4842935483144183e-32,-1.4842935483144183e-32,-1.4842935483144183e-32,-1.4842935483144183e-32,-1.4842935483144183e-32,-1.4842935483144183e-32,-1.4842935483144183e-32,-1.4842935483144183e-32,-1.4842935483144183e-32,-1.4842935483144183e-32,-1.4842935483144183e-32,-1.4842935483144183e-32,-1.4842935483144183e-32,-1.4842935483144183e-32,-1.4842935483144183e-32,-1.4842935483144183e-32
-3.59721791948868e-32,-3.59721791948868e-32,-3.59721791948868e-32,-3.59721791948868e-32,-3.59721791948868e-32,-3.59721791948868e-32,-3.59721791948868e-32,-3.59721791948868e-32,-3.59721791948868e-32,-3.59721791948868e-32,-3.59721791948868e-32,-3.59721791948868e-32,-3.59721791948868e-32,-3.59721791948868e-32,-3.59721791948868e-32,-3.59721791948868e-32,-3.59721791948868e-32,-3.59721791948868e-32,-3.59721791948868e-32,-3.59721791948868e-32
-1.8562827573055954e-32,-1.8562827573055954e-32,-1.8562827573055954e-32,-1.8562827573055954e-32,-1.8562827573055954e-32,-1.8562827573055954e-32,-1.8562827573055954e-32,-1.8562827573055954e-32,-1.8562827573055954e-32,-1.8562827573055954e-32,-1.8562827573055954e-32,-1.8562827573055954e-32,-1.8562827573055954e-32,-1.8562827573055954e-32,-1.8562827573055954e-32,-1.8562827573055954e-32,-1.8562827573055954e-32,-1.8562827573055954e-32,-1.8562827573055954e-32,-1.8562827573055954e-32
-3.778143512345994e-32,-3.778143512345994e-32,-3.778143512345994e-32,-3.778143512345994e-32,-3.778143512345994e-32,-3.778143512345994e-32,-3.778143512345994e-32,-3.778143512345994e-32,-3.778143512345994e-32,-3.778143512345994e-32,-3.778143512345994e-32,-3.778143512345994e-32,-3.778143512345994e-32,-3.778143512345994e-32,-3.778143512345994e-32,-3.778143512345994e-32,-3.778143512345994e-32,-3.778143512345994e-32,-3.778143512345994e-32,-3.778143512345994e-32
-1.8406092885023604e-32,-1.8406092885023604e-32,-1.8406092885023604e-32,-1.8406092885023604e-32,-1.8406092885023604e-32,-1.8406092885023604e-32,-1.8406092885023604e-32,-1.8406092885023604e-32,-1.8406092885023604e-32,-1.8406092885023604e-32,-1.8406092885023604e-32,-1.8406092885023604e-32,-1.8406092885023604e-32,-1.8406092885023604e-32,-1.8406092885023604e-32,-1.8406092885023604e-32,-1.8406092885023604e-32,-1.8406092885023604e-32,-1.8406092885023604e-32,-1.8406092885023604e-32
-3.228290022062364e-32,-3.228290022062364e-32,-3.228290022062364e-32,-3.228290022062364e-32,-3.228290022062364e-32,-3.228290022062364e-32,-3.228290022062364e-32,-3.228290022062364e-32,-3.228290022062364e-32,-3.228290022062364e-32,-3.228290022062364e-32,-3.228290022062364e-32,-3.228290022062364e-32,-3.228290022062364e-32,-3.228290022062364e-32,-3.228290022062364e-32,-3.228290022062364e-32,-3.228290022062364e-32,-3.228290022062364e-32,-3.228290022062364e-32
-2.4570683825049888e-32,-2.4570683825049888e-32,-2.4570683825049888e-32,-2.4570683825049888e-32,-2.4570683825049888e-32,-2.4570683825049888e-32,-2.4570683825049888e-32,-2.4570683825049888e-32,-2.4570683825049888e-32,-2.4570683825049888e-32,-2.4570683825049888e-32,-2.4570683825049888e-32,-2.4570683825049888e-32,-2.4570683825049888e-32,-2.4570683825049888e-32,-2.4570683825049888e-32,-2.4570683825049888e-32,-2.4570683825049888e-32,-2.4570683825049888e-32,-2.4570683825049888e-32
-2.0952874253672358e-32,-2.0952874253672358e-32,-2.0952874253672358e-32,-2.0952874253672358e-32,-2.0952874253672358e-32,-2.0952874253672358e-32,-2.0952874253672358e-32,-2.0952874253672358e-32,-2.0952874253672358e-32,-2.0952874253672358e-32,-2.0952874253672358e-32,-2.0952874253672358e-32,-2.0952874253672358e-32,-2.0952874253672358e-32,-2.0952874253672358e-32,-2.0952874253672358e-32,-2.0952874253672358e-32,-2.0952874253672358e-32,-2.0952874253672358e-32,-2.0952874253672358e-32
-1.1498936711553305e-32,-1.1498936711553305e-32,-1.1498936711553305e-32,-1.1498936711553305e-32,-1.1498936711553305e-32,-1.1498936711553305e-32,-1.1498936711553305e-32,-1.1498936711553305e-32,-1.1498936711553305e-32,-1.1498936711553305e-32,-1.1498936711553305e-32,-1.1498936711553305e-32,-1.1498936711553305e-32,-1.1498936711553305e-32,-1.1498936711553305e-32,-1.1498936711553305e-32,-1.1498936711553305e-32,-1.1498936711553305e-32,-1.1498936711553305e-32,-1.1498936711553305e-32
-2.1992573972322773e-32,-2.1992573972322773e-32,-2.1992573972322773e-32,-2.1992573972322773e-32,-2.1992573972322773e-32,-2.1992573972322773e-32,-2.1992573972322773e-32,-2.1992573972322773e-32,-2.1992573972322773e-32,-2.1992573972322773e-32,-2.1992573972322773e-32,-2.1992573972322773e-32,-2.1992573972322773e-32,-2.1992573972322773e-32,-2.1992573972322773e-32,-2.1992573972322773e-32,-2.1992573972322773e-32,-2.1992573972322773e-32,-2.1992573972322773e-32,-2.1992573972322773e-32
-1.2498559351571785e-32,-1.2498559351571785e-32,-1.2498559351571785e-32,-1.2498559351571785e-32,-1.2498559351571785e-32,-1.2498559351571785e-32,-1.2498559351571785e-32,-1.2498559351571785e-32,-1.2498559351571785e-32,-1.2498559351571785e-32,-1.2498559351571785e-32,-1.2498559351571785e-32,-1.2498559351571785e-32,-1.2498559351571785e-32,-1.2498559351571785e-32,-1.2498559351571785e-32,-1.2498559351571785e-32,-1.2498559351571785e-32,-1.2498559351571785e-32,-1.2498559351571785e-32
-1.8249139135358904e-32,-1.8249139135358904e-32,-1.8249139135358904e-32,-1.8249139135358904e-32,-1.8249139135358904e-32,-1.8249139135358904e-32,-1.8249139135358904e-32,-1.8249139135358904e-32,-1.8249139135358904e-32,-1.8249139135358904e-32,-1.8249139135358904e-32,-1.8249139135358904e-32,-1.8249139135358904e-32,-1.8249139135358904e-32,-1.8249139135358904e-32,-1.8249139135358904e-32,-1.8249139135358904e-32,-1.8249139135358904e-32,-1.8249139135358904e-32,-1.8249139135358904e-32
-3.0682087978471205e-32,-3.0682087978471205e-32,-3.0682087978471205e-32,-3.0682087978471205e-32,-3.0682087978471205e-32,-3.0682087978471205e-32,-3.0682087978471205e-32,-3.0682087978471205e-32,-3.0682087978471205e-32,-3.0682087978471205e-32,-3.0682087978471205e-32,-3.0682087978471205e-32,-3.0682087978471205e-32,-3.0682087978471205e-32,-3.0682087978471205e-32,-3.0682087978471205e-32,-3.0682087978471205e-32,-3.0682087978471205e-32,-3.0682087978471205e-32,-3.0682087978471205e-32
-2.3115418535813187e-32,-2.3115418535813187e-32,-2.3115418535813187e-32,-2.3115418535813187e-32,-2.3115418535813187e-32,-2.3115418535813187e-32,-2.3115418535813187e-32,-2.3115418535813187e-32,-2.3115418535813187e-32,-2.3115418535813187e-32,-2.3115418535813187e-32,-2.3115418535813187e-32,-2.3115418535813187e-32,-2.3115418535813187e-32,-2.3115418535813187e-32,-2.3115418535813187e-32,-2.3115418535813187e-32,-2.3115418535813187e-32,-2.3115418535813187e-32,-2.3115418535813187e-32
-1.4933176870675108e-32,-1.4933176870675108e-32,-1.4933176870675108e-32,-1.4933176870675108e-32,-1.4933176870675108e-32,-1.4933176870675108e-32,-1.4933176870675108e-32,-1.4933176870675108e-32,-1.4933176870675108e-32,-1.4933176870675108e-32,-1.4933176870675108e-32,-1.4933176870675108e-32,-1.4933176870675108e-32,-1.4933176870675108e-32,-1.4933176870675108e-32,-1.4933176870675108e-32,-1.4933176870675108e-32,-1.4933176870675108e-32,-1.4933176870675108e-32,-1.4933176870675108e-32
-1.1928162006684517e-32,-1.1928162006684517e-32,-1.1928162006684517e-32,-1.1928162006684517e-32,-1.1928162006684517e-32,-1.1928162006684517e-32,-1.1928162006684517e-32,-1.1928162006684517e-32,-1.1928162006684517e-32,-1.1928162006684517e-32,-1.1928162006684517e-32,-1.1928162006684517e-32,-1.1928162006684517e-32,-1.1928162006684517e-32,-1.1928162006684517e-32,-1.1928162006684517e-32,-1.1928162006684517e-32,-1.1928162006684517e-32,-1.1928162006684517e-32,-1.1928162006684517e-32
-3.206351233832878e-32,-3.206351233832878e-32,-3.206351233832878e-32,-3.206351233832878e-32,-3.206351233832878e-32,-3.206351233832878e-32,-3.206351233832878e-32,-3.206351233832878e-32,-3.206351233832878e-32,-3.206351233832878e-32,-3.206351233832878e-32,-3.206351233832878e-32,-3.206351233832878e-32,-3.206351233832878e-32,-3.206351233832878e-32,-3.206351233832878e-32,-3.206351233832878e-32,-3.206351233832878e-32,-3.206351233832878e-32,-3.206351233832878e-32
-1.9133755643138477e-32,-1.9133755643138477e-32,-1.9133755643138477e-32,-1.9133755643138477e-32,-1.9133755643138477e-32,-1.9133755643138477e-32,-1.9133755643138477e-32,-1.9133755643138477e-32,-1.9133755643138477e-32,-1.9133755643138477e-32,-1.9133755643138477e-32,-1.9133755643138477e-32,-1.9133755643138477e-32,-1.9133755643138477e-32,-1.9133755643138477e-32,-1.9133755643138477e-32,-1.9133755643138477e-32,-1.9133755643138477e-32,-1.9133755643138477e-32,-1.9133755643138477e-32
-1.0296963149669323e-31,-1.0296963149669323e-31,-1.0296963149669323e-31,-1.0296963149669323e-31,-1.0296963149669323e-31,-1.0296963149669323e-31,-1.0296963149669323e-31,-1.0296963149669323e-31,-1.0296963149669323e-31,-1.0296963149669323e-31,-1.0296963149669323e-31,-1.0296963149669323e-31,-1.0296963149669323e-31,-1.0296963149669323e-31,-1.0296963149669323e-31,-1.0296963149669323e-31,-1.0296963149669323e-31,-1.0296963149669323e-31,-1.0296963149669323e-31,-1.0296963149669323e-31
-1.5679890412178785e-32,-1.5679890412178785e-32,-1.5679890412178785e-32,-1.5679890412178785e-32,-1.5679890412178785e-32,-1.5679890412178785e-32,-1.5679890412178785e-32,-1.5679890412178785e-32,-1.5679890412178785e-32,-1.5679890412178785e-32,-1.5679890412178785e-32,-1.5679890412178785e-32,-1.5679890412178785e-32,-1.5679890412178785e-32,-1.5679890412178785e-32,-1.5679890412178785e-32,-1.5679890412178785e-32,-1.5679890412178785e-32,-1.5679890412178785e-32,-1.5679890412178785e-32
-6.360556756564426e-32,-6.360556756564426e-32,-6.360556756564426e-32,-6.360556756564426e-32,-6.360556756564426e-32,-6.360556756564426e-32,-6.360556756564426e-32,-6.360556756564426e-32,-6.360556756564426e-32,-6.360556756564426e-32,-6.360556756564426e-32,-6.360556756564426e-32,-6.360556756564426e-32,-6.360556756564426e-32,-6.360556756564426e-32,-6.360556756564426e-32,-6.360556756564426e-32,-6.360556756564426e-32,-6.360556756564426e-32,-6.360556756564426e-32
-2.708828173529659e-32,-2.708828173529659e-32,-2.708828173529659e-32,-2.708828173529659e-32,-2.708828173529659e-32,-2.708828173529659e-32,-2.708828173529659e-32,-2.708828173529659e-32,-2.708828173529659e-32,-2.708828173529659e-32,-2.708828173529659e-32,-2.708828173529659e-32,-2.708828173529659e-32,-2.708828173529659e-32,-2.708828173529659e-32,-2.708828173529659e-32,-2.708828173529659e-32,-2.708828173529659e-32,-2.708828173529659e-32,-2.708828173529659e-32
-2.2877530709853213e-32,-2.2877530709853213e-32,-2.2877530709853213e-32,-2.2877530709853213e-32,-2.2877530709853213e-32,-2.2877530709853213e-32,-2.2877530709853213e-32,-2.2877530709853213e-32,-2.2877530709853213e-32,-2.2877530709853213e-32,-2.2877530709853213e-32,-2.2877530709853213e-32,-2.2877530709853213e-32,-2.2877530709853213e-32,-2.2877530709853213e-32,-2.2877530709853213e-32,-2.2877530709853213e-32,-2.2877530709853213e-32,-2.2877530709853213e-32,-2.2877530709853213e-32
-2.2964736626758724e-32,-2.2964736626758724e-32,-2.2964736626758724e-32,-2.2964736626758724e-32,-2.2964736626758724e-32,-2.2964736626758724e-32,-2.2964736626758724e-32,-2.2964736626758724e-32,-2.2964736626758724e-32,-2.2964736626758724e-32,-2.2964736626758724e-32,-2.2964736626758724e-32,-2.2964736626758724e-32,-2.2964736626758724e-32,-2.2964736626758724e-32,-2.2964736626758724e-32,-2.2964736626758724e-32,-2.2964736626758724e-32,-2.2964736626758724e-32,-2.2964736626758724e-32
-2.4598402063533254e-32,-2.4598402063533254e-32,-2.4598402063533254e-32,-2.4598402063533254e-32,-2.4598402063533254e-32,-2.4598402063533254e-32,-2.4598402063533254e-32,-2.4598402063533254e-32,-2.4598402063533254e-32,-2.4598402063533254e-32,-2.4598402063533254e-32,-2.4598402063533254e-32,-2.4598402063533254e-32,-2.4598402063533254e-32,-2.4598402063533254e-32,-2.4598402063533254e-32,-2.4598402063533254e-32,-2.4598402063533254e-32,-2.4598402063533254e-32,-2.4598402063533254e-32
-1.0819972945964548e-32,-1.0819972945964548e-32,-1.0819972945964548e-32,-1.0819972945964548e-32,-1.0819972945964548e-32,-1.0819972945964548e-32,-1.0819972945964548e-32,-1.0819972945964548e-32,-1.0819972945964548e-32,-1.0819972945964548e-32,-1.0819972945964548e-32,-1.0819972945964548e-32,-1.0819972945964548e-32,-1.0819972945964548e-32,-1.0819972945964548e-32,-1.0819972945964548e-32,-1.0819972945964548e-32,-1.0819972945964548e-32,-1.0819972945964548e-32,-1.0819972945964548e-32
-2.4908253625599e-32,-2.4908253625599e-32,-2.4908253625599e-32,-2.4908253625599e-32,-2.4908253625599e-32,-2.4908253625599e-32,-2.4908253625599e-32,-2.4908253625599e-32,-2.4908253625599e-32,-2.4908253625599e-32,-2.4908253625599e-32,-2.4908253625599e-32,-2.4908253625599e-32,-2.4908253625599e-32,-2.4908253625599e-32,-2.4908253625599e-32,-2.4908253625599e-32,-2.4908253625599e-32,-2.4908253625599e-32,-2.4908253625599e-32
-2.553645414030473e-32,-2.553645414030473e-32,-2.553645414030473e-32,-2.553645414030473e-32,-2.553645414030473e-32,-2.553645414030473e-32,-2.553645414030473e-32,-2.553645414030473e-32,-2.553645414030473e-32,-2.553645414030473e-32,-2.553645414030473e-32,-2.553645414030473e-32,-2.553645414030473e-32,-2.553645414030473e-32,-2.553645414030473e-32,-2.553645414030473e-32,-2.553645414030473e-32,-2.553645414030473e-32,-2.553645414030473e-32,-2.553645414030473e-32
-2.0689781179550435e-32,-2.0689781179550435e-32,-2.0689781179550435e-32,-2.0689781179550435e-32,-2.0689781179550435e-32,-2.0689781179550435e-32,-2.0689781179550435e-32,-2.0689781179550435e-32,-2.0689781179550435e-32,-2.0689781179550435e-32,-2.0689781179550435e-32,-2.0689781179550435e-32,-2.0689781179550435e-32,-2.0689781179550435e-32,-2.0689781179550435e-32,-2.0689781179550435e-32,-2.0689781179550435e-32,-2.0689781179550435e-32,-2.0689781179550435e-32,-2.0689781179550435e-32
-1.9038426481527575e-32,-1.9038426481527575e-32,-1.9038426481527575e-32,-1.9038426481527575e-32,-1.9038426481527575e-32,-1.9038426481527575e-32,-1.9038426481527575e-32,-1.9038426481527575e-32,-1.9038426481527575e-32,-1.9038426481527575e-32,-1.9038426481527575e-32,-1.9038426481527575e-32,-1.9038426481527575e-32,-1.9038426481527575e-32,-1.9038426481527575e-32,-1.9038426481527575e-32,-1.9038426481527575e-32,-1.9038426481527575e-32,-1.9038426481527575e-32,-1.9038426481527575e-32
-9.460802496301418e-32,-9.460802496301418e-32,-9.460802496301418e-32,-9.460802496301418e-32,-9.460802496301418e-32,-9.460802496301418e-32,-9.460802496301418e-32,-9.460802496301418e-32,-9.460802496301418e-32,-9.460802496301418e-32,-9.460802496301418e-32,-9.460802496301418e-32,-9.460802496301418e-32,-9.460802496301418e-32,-9.460802496301418e-32,-9.460802496301418e-32,-9.460802496301418e-32,-9.460802496301418e-32,-9.460802496301418e-32,-9.460802496301418e-32
-1.381232465584892e-32,-1.381232465584892e-32,-1.381232465584892e-32,-1.381232465584892e-32,-1.381232465584892e-32,-1.381232465584892e-32,-1.381232465584892e-32,-1.381232465584892e-32,-1.381232465584892e-32,-1.381232465584892e-32,-1.381232465584892e-32,-1.381232465584892e-32,-1.381232465584892e-32,-1.381232465584892e-32,-1.381232465584892e-32,-1.381232465584892e-32,-1.381232465584892e-32,-1.381232465584892e-32,-1.381232465584892e-32,-1.381232465584892e-32
-7.403866596568921e-32,-7.403866596568921e-32,-7.403866596568921e-32,-7.403866596568921e-32,-7.403866596568921e-32,-7.403866596568921e-32,-7.403866596568921e-32,-7.403866596568921e-32,-7.403866596568921e-32,-7.403866596568921e-32,-7.403866596568921e-32,-7.403866596568921e-32,-7.403866596568921e-32,-7.403866596568921e-32,-7.403866596568921e-32,-7.403866596568921e-32,-7.403866596568921e-32,-7.403866596568921e-32,-7.403866596568921e-32,-7.403866596568921e-32
-3.6762861535282945e-32,-3.6762861535282945e-32,-3.6762861535282945e-32,-3.6762861535282945e-32,-3.6762861535282945e-32,-3.6762861535282945e-32,-3.6762861535282945e-32,-3.6762861535282945e-32,-3.6762861535282945e-32,-3.6762861535282945e-32,-3.6762861535282945e-32,-3.6762861535282945e-32,-3.6762861535282945e-32,-3.6762861535282945e-32,-3.6762861535282945e-32,-3.6762861535282945e-32,-3.6762861535282945e-32,-3.6762861535282945e-32,-3.6762861535282945e-32,-3.6762861535282945e-32
-3.544977205476982e-32,-3.544977205476982e-32,-3.544977205476982e-32,-3.544977205476982e-32,-3.544977205476982e-32,-3.544977205476982e-32,-3.544977205476982e-32,-3.544977205476982e-32,-3.544977205476982e-32,-3.544977205476982e-32,-3.544977205476982e-32,-3.544977205476982e-32,-3.544977205476982e-32,-3.544977205476982e-32,-3.544977205476982e-32,-3.544977205476982e-32,-3.544977205476982e-32,-3.544977205476982e-32,-3.544977205476982e-32,-3.544977205476982e-32
-1.9136820987484074e-32,-1.9136820987484074e-32,-1.9136820987484074e-32,-1.9136820987484074e-32,-1.9136820987484074e-32,-1.9136820987484074e-32,-1.9136820987484074e-32,-1.9136820987484074e-32,-1.9136820987484074e-32,-1.9136820987484074e-32,-1.9136820987484074e-32,-1.9136820987484074e-32,-1.9136820987484074e-32,-1.9136820987484074e-32,-1.9136820987484074e-32,-1.9136820987484074e-32,-1.9136820987484074e-32,-1.9136820987484074e-32,-1.9136820987484074e-32,-1.9136820987484074e-32
-1.8260972801851934e-32,-1.8260972801851934e-32,-1.8260972801851934e-32,-1.8260972801851934e-32,-1.8260972801851934e-32,-1.8260972801851934e-32,-1.8260972801851934e-32,-1.8260972801851934e-32,-1.8260972801851934e-32,-1.8260972801851934e-32,-1.8260972801851934e-32,-1.8260972801851934e-32,-1.8260972801851934e-32,-1.8260972801851934e-32,-1.8260972801851934e-32,-1.8260972801851934e-32,-1.8260972801851934e-32,-1.8260972801851934e-32,-1.8260972801851934e-32,-1.8260972801851934e-32
-1.1175403570262432e-32,-1.1175403570262432e-32,-1.1175403570262432e-32,-1.1175403570262432e-32,-1.1175403570262432e-32,-1.1175403570262432e-32,-1.1175403570262432e-32,-1.1175403570262432e-32,-1.1175403570262432e-32,-1.1175403570262432e-32,-1.1175403570262432e-32,-1.1175403570262432e-32,-1.1175403570262432e-32,-1.1175403570262432e-32,-1.1175403570262432e-32,-1.1175403570262432e-32,-1.1175403570262432e-32,-1.1175403570262432e-32,-1.1175403570262432e-32,-1.1175403570262432e-32
-6.028198690286015e-32,-6.028198690286015e-32,-6.028198690286015e-32,-6.028198690286015e-32,-6.028198690286015e-32,-6.028198690286015e-32,-6.028198690286015e-32,-6.028198690286015e-32,-6.028198690286015e-32,-6.028198690286015e-32,-6.028198690286015e-32,-6.028198690286015e-32,-6.028198690286015e-32,-6.028198690286015e-32,-6.028198690286015e-32,-6.028198690286015e-32,-6.028198690286015e-32,-6.028198690286015e-32,-6.028198690286015e-32,-6.028198690286015e-32
-1.9162327417156308e-32,-1.9162327417156308e-32,-1.9162327417156308e-32,-1.9162327417156308e-32,-1.9162327417156308e-32,-1.9162327417156308e-32,-1.9162327417156308e-32,-1.9162327417156308e-32,-1.9162327417156308e-32,-1.9162327417156308e-32,-1.9162327417156308e-32,-1.9162327417156308e-32,-1.9162327417156308e-32,-1.9162327417156308e-32,-1.9162327417156308e-32,-1.9162327417156308e-32,-1.9162327417156308e-32,-1.9162327417156308e-32,-1.9162327417156308e-32,-1.9162327417156308e-32
-7.589345140741921e-33,-7.589345140741921e-33,-7.589345140741921e-33,-7.589345140741921e-33,-7.589345140741921e-33,-7.589345140741921e-33,-7.589345140741921e-33,-7.589345140741921e-33,-7.589345140741921e-33,-7.589345140741921e-33,-7.589345140741921e-33,-7.589345140741921e-33,-7.589345140741921e-33,-7.589345140741921e-33,-7.589345140741921e-33,-7.589345140741921e-33,-7.589345140741921e-33,-7.589345140741921e-33,-7.589345140741921e-33,-7.589345140741921e-33
-6.58320885983988e-32,-6.58320885983988e-32,-6.58320885983988e-32,-6.58320885983988e-32,-6.58320885983988e-32,-6.58320885983988e-32,-6.58320885983988e-32,-6.58320885983988e-32,-6.58320885983988e-32,-6.58320885983988e-32,-6.58320885983988e-32,-6.58320885983988e-32,-6.58320885983988e-32,-6.58320885983988e-32,-6.58320885983988e-32,-6.58320885983988e-32,-6.58320885983988e-32,-6.58320885983988e-32,-6.58320885983988e-32,-6.58320885983988e-32
-3.2715516906357094e-32,-3.2715516906357094e-32,-3.2715516906357094e-32,-3.2715516906357094e-32,-3.2715516906357094e-32,-3.2715516906357094e-32,-3.2715516906357094e-32,-3.2715516906357094e-32,-3.2715516906357094e-32,-3.2715516906357094e-32,-3.2715516906357094e-32,-3.2715516906357094e-32,-3.2715516906357094e-32,-3.2715516906357094e-32,-3.2715516906357094e-32,-3.2715516906357094e-32,-3.2715516906357094e-32,-3.2715516906357094e-32,-3.2715516906357094e-32,-3.2715516906357094e-32
-1.3691421752102667e-32,-1.3691421752102667e-32,-1.3691421752102667e-32,-1.3691421752102667e-32,-1.3691421752102667e-32,-1.3691421752102667e-32,-1.3691421752102667e-32,-1.3691421752102667e-32,-1.3691421752102667e-32,-1.3691421752102667e-32,-1.3691421752102667e-32,-1.3691421752102667e-32,-1.3691421752102667e-32,-1.3691421752102667e-32,-1.3691421752102667e-32,-1.3691421752102667e-32,-1.3691421752102667e-32,-1.3691421752102667e-32,-1.3691421752102667e-32,-1.3691421752102667e-32
-3.237371663867617e-32,-3.237371663867617e-32,-3.237371663867617e-32,-3.237371663867617e-32,-3.237371663867617e-32,-3.237371663867617e-32,-3.237371663867617e-32,-3.237371663867617e-32,-3.237371663867617e-32,-3.237371663867617e-32,-3.237371663867617e-32,-3.237371663867617e-32,-3.237371663867617e-32,-3.237371663867617e-32,-3.237371663867617e-32,-3.237371663867617e-32,-3.237371663867617e-32,-3.237371663867617e-32,-3.237371663867617e-32,-3.237371663867617e-32
-2.5083132545374006e-32,-2.5083132545374006e-32,-2.5083132545374006e-32,-2.5083132545374006e-32,-2.5083132545374006e-32,-2.5083132545374006e-32,-2.5083132545374006e-32,-2.5083132545374006e-32,-2.5083132545374006e-32,-2.5083132545374006e-32,-2.5083132545374006e-32,-2.5083132545374006e-32,-2.5083132545374006e-32,-2.5083132545374006e-32,-2.5083132545374006e-32,-2.5083132545374006e-32,-2.5083132545374006e-32,-2.5083132545374006e-32,-2.5083132545374006e-32,-2.5083132545374006e-32
-3.1541501760470954e-32,-3.1541501760470954e-32,-3.1541501760470954e-32,-3.1541501760470954e-32,-3.1541501760470954e-32,-3.1541501760470954e-32,-3.1541501760470954e-32,-3.1541501760470954e-32,-3.1541501760470954e-32,-3.1541501760470954e-32,-3.1541501760470954e-32,-3.1541501760470954e-32,-3.1541501760470954e-32,-3.1541501760470954e-32,-3.1541501760470954e-32,-3.1541501760470954e-32,-3.1541501760470954e-32,-3.1541501760470954e-32,-3.1541501760470954e-32,-3.1541501760470954e-32
-1.7197775879652044e-32,-1.7197775879652044e-32,-1.7197775879652044e-32,-1.7197775879652044e-32,-1.7197775879652044e-32,-1.7197775879652044e-32,-1.7197775879652044e-32,-1.7197775879652044e-32,-1.7197775879652044e-32,-1.7197775879652044e-32,-1.7197775879652044e-32,-1.7197775879652044e-32,-1.7197775879652044e-32,-1.7197775879652044e-32,-1.7197775879652044e-32,-1.7197775879652044e-32,-1.7197775879652044e-32,-1.7197775879652044e-32,-1.7197775879652044e-32,-1.7197775879652044e-32
-3.0359933689931576e-32,-3.0359933689931576e-32,-3.0359933689931576e-32,-3.0359933689931576e-32,-3.0359933689931576e-32,-3.0359933689931576e-32,-3.0359933689931576e-32,-3.0359933689931576e-32,-3.0359933689931576e-32,-3.0359933689931576e-32,-3.0359933689931576e-32,-3.0359933689931576e-32,-3.0359933689931576e-32,-3.0359933689931576e-32,-3.0359933689931576e-32,-3.0359933689931576e-32,-3.0359933689931576e-32,-3.0359933689931576e-32,-3.0359933689931576e-32,-3.0359933689931576e-32
-3.262544550894346e-32,-3.262544550894346e-32,-3.262544550894346e-32,-3.262544550894346e-32,-3.262544550894346e-32,-3.262544550894346e-32,-3.262544550894346e-32,-3.262544550894346e-32,-3.262544550894346e-32,-3.262544550894346e-32,-3.262544550894346e-32,-3.262544550894346e-32,-3.262544550894346e-32,-3.262544550894346e-32,-3.262544550894346e-32,-3.262544550894346e-32,-3.262544550894346e-32,-3.262544550894346e-32,-3.262544550894346e-32,-3.262544550894346e-32
-2.501994795639152e-32,-2.501994795639152e-32,-2.501994795639152e-32,-2.501994795639152e-32,-2.501994795639152e-32,-2.501994795639152e-32,-2.501994795639152e-32,-2.501994795639152e-32,-2.501994795639152e-32,-2.501994795639152e-32,-2.501994795639152e-32,-2.501994795639152e-32,-2.501994795639152e-32,-2.501994795639152e-32,-2.501994795639152e-32,-2.501994795639152e-32,-2.501994795639152e-32,-2.501994795639152e-32,-2.501994795639152e-32,-2.501994795639152e-32
-1.7621279579061375e-32,-1.7621279579061375e-32,-1.7621279579061375e-32,-1.7621279579061375e-32,-1.7621279579061375e-32,-1.7621279579061375e-32,-1.7621279579061375e-32,-1.7621279579061375e-32,-1.7621279579061375e-32,-1.7621279579061375e-32,-1.7621279579061375e-32,-1.7621279579061375e-32,-1.7621279579061375e-32,-1.7621279579061375e-32,-1.7621279579061375e-32,-1.7621279579061375e-32,-1.7621279579061375e-32,-1.7621279579061375e-32,-1.7621279579061375e-32,-1.7621279579061375e-32
-2.591211098478644e-32,-2.591211098478644e-32,-2.591211098478644e-32,-2.591211098478644e-32,-2.591211098478644e-32,-2.591211098478644e-32,-2.591211098478644e-32,-2.591211098478644e-32,-2.591211098478644e-32,-2.591211098478644e-32,-2.591211098478644e-32,-2.591211098478644e-32,-2.591211098478644e-32,-2.591211098478644e-32,-2.591211098478644e-32,-2.591211098478644e-32,-2.591211098478644e-32,-2.591211098478644e-32,-2.591211098478644e-32,-2.591211098478644e-32
-2.4329180281139182e-32,-2.4329180281139182e-32,-2.4329180281139182e-32,-2.4329180281139182e-32,-2.4329180281139182e-32,-2.4329180281139182e-32,-2.4329180281139182e-32,-2.4329180281139182e-32,-2.4329180281139182e-32,-2.4329180281139182e-32,-2.4329180281139182e-32,-2.4329180281139182e-32,-2.4329180281139182e-32,-2.4329180281139182e-32,-2.4329180281139182e-32,-2.4329180281139182e-32,-2.4329180281139182e-32,-2.4329180281139182e-32,-2.4329180281139182e-32,-2.4329180281139182e-32
-8.218237306542349e-32,-8.218237306542349e-32,-8.218237306542349e-32,-8.218237306542349e-32,-8.218237306542349e-32,-8.218237306542349e-32,-8.218237306542349e-32,-8.218237306542349e-32,-8.218237306542349e-32,-8.218237306542349e-32,-8.218237306542349e-32,-8.218237306542349e-32,-8.218237306542349e-32,-8.218237306542349e-32,-8.218237306542349e-32,-8.218237306542349e-32,-8.218237306542349e-32,-8.218237306542349e-32,-8.218237306542349e-32,-8.218237306542349e-32
-4.235110955241443e-32,-4.235110955241443e-32,-4.235110955241443e-32,-4.235110955241443e-32,-4.235110955241443e-32,-4.235110955241443e-32,-4.235110955241443e-32,-4.235110955241443e-32,-4.235110955241443e-32,-4.235110955241443e-32,-4.235110955241443e-32,-4.235110955241443e-32,-4.235110955241443e-32,-4.235110955241443e-32,-4.235110955241443e-32,-4.235110955241443e-32,-4.235110955241443e-32,-4.235110955241443e-32,-4.235110955241443e-32,-4.235110955241443e-32
-2.8061578178848634e-32,-2.8061578178848634e-32,-2.8061578178848634e-32,-2.8061578178848634e-32,-2.8061578178848634e-32,-2.8061578178848634e-32,-2.8061578178848634e-32,-2.8061578178848634e-32,-2.8061578178848634e-32,-2.8061578178848634e-32,-2.8061578178848634e-32,-2.8061578178848634e-32,-2.8061578178848634e-32,-2.8061578178848634e-32,-2.8061578178848634e-32,-2.8061578178848634e-32,-2.8061578178848634e-32,-2.8061578178848634e-32,-2.8061578178848634e-32,-2.8061578178848634e-32
-1.8609972483987742e-32,-1.8609972483987742e-32,-1.8609972483987742e-32,-1.8609972483987742e-32,-1.8609972483987742e-32,-1.8609972483987742e-32,-1.8609972483987742e-32,-1.8609972483987742e-32,-1.8609972483987742e-32,-1.8609972483987742e-32,-1.8609972483987742e-32,-1.8609972483987742e-32,-1.8609972483987742e-32,-1.8609972483987742e-32,-1.8609972483987742e-32,-1.8609972483987742e-32,-1.8609972483987742e-32,-1.8609972483987742e-32,-1.8609972483987742e-32,-1.8609972483987742e-32
-2.2807057165115798e-32,-2.2807057165115798e-32,-2.2807057165115798e-32,-2.2807057165115798e-32,-2.2807057165115798e-32,-2.2807057165115798e-32,-2.2807057165115798e-32,-2.2807057165115798e-32,-2.2807057165115798e-32,-2.2807057165115798e-32,-2.2807057165115798e-32,-2.2807057165115798e-32,-2.2807057165115798e-32,-2.2807057165115798e-32,-2.2807057165115798e-32,-2.2807057165115798e-32,-2.2807057165115798e-32,-2.2807057165115798e-32,-2.2807057165115798e-32,-2.2807057165115798e-32
-1.724945170392859e-32,-1.724945170392859e-32,-1.724945170392859e-32,-1.724945170392859e-32,-1.724945170392859e-32,-1.724945170392859e-32,-1.724945170392859e-32,-1.724945170392859e-32,-1.724945170392859e-32,-1.724945170392859e-32,-1.724945170392859e-32,-1.724945170392859e-32,-1.724945170392859e-32,-1.724945170392859e-32,-1.724945170392859e-32,-1.724945170392859e-32,-1.724945170392859e-32,-1.724945170392859e-32,-1.724945170392859e-32,-1.724945170392859e-32
-1.032246361678834e-31,-1.032246361678834e-31,-1.032246361678834e-31,-1.032246361678834e-31,-1.032246361678834e-31,-1.032246361678834e-31,-1.032246361678834e-31,-1.032246361678834e-31,-1.032246361678834e-31,-1.032246361678834e-31,-1.032246361678834e-31,-1.032246361678834e-31,-1.032246361678834e-31,-1.032246361678834e-31,-1.032246361678834e-31,-1.032246361678834e-31,-1.032246361678834e-31,-1.032246361678834e-31,-1.032246361678834e-31,-1.032246361678834e-31
-3.6911390066260537e-32,-3.6911390066260537e-32,-3.6911390066260537e-32,-3.6911390066260537e-32,-3.6911390066260537e-32,-3.6911390066260537e-32,-3.6911390066260537e-32,-3.6911390066260537e-32,-3.6911390066260537e-32,-3.6911390066260537e-32,-3.6911390066260537e-32,-3.6911390066260537e-32,-3.6911390066260537e-32,-3.6911390066260537e-32,-3.6911390066260537e-32,-3.6911390066260537e-32,-3.6911390066260537e-32,-3.6911390066260537e-32,-3.6911390066260537e-32,-3.6911390066260537e-32
-1.845601858800257e-32,-1.845601858800257e-32,-1.845601858800257e-32,-1.845601858800257e-32,-1.845601858800257e-32,-1.845601858800257e-32,-1.845601858800257e-32,-1.845601858800257e-32,-1.845601858800257e-32,-1.845601858800257e-32,-1.845601858800257e-32,-1.845601858800257e-32,-1.845601858800257e-32,-1.845601858800257e-32,-1.845601858800257e-32,-1.845601858800257e-32,-1.845601858800257e-32,-1.845601858800257e-32,-1.845601858800257e-32,-1.845601858800257e-32
-2.2459695582654095e-32,-2.2459695582654095e-32,-2.2459695582654095e-32,-2.2459695582654095e-32,-2.2459695582654095e-32,-2.2459695582654095e-32,-2.2459695582654095e-32,-2.2459695582654095e-32,-2.2459695582654095e-32,-2.2459695582654095e-32,-2.2459695582654095e-32,-2.2459695582654095e-32,-2.2459695582654095e-32,-2.2459695582654095e-32,-2.2459695582654095e-32,-2.2459695582654095e-32,-2.2459695582654095e-32,-2.2459695582654095e-32,-2.2459695582654095e-32,-2.2459695582654095e-32
-2.750871261154086e-32,-2.750871261154086e-32,-2.750871261154086e-32,-2.750871261154086e-32,-2.750871261154086e-32,-2.750871261154086e-32,-2.750871261154086e-32,-2.750871261154086e-32,-2.750871261154086e-32,-2.750871261154086e-32,-2.750871261154086e-32,-2.750871261154086e-32,-2.750871261154086e-32,-2.750871261154086e-32,-2.750871261154086e-32,-2.750871261154086e-32,-2.750871261154086e-32,-2.750871261154086e-32,-2.750871261154086e-32,-2.750871261154086e-32
-3.190709599970316e-32,-3.190709599970316e-32,-3.190709599970316e-32,-3.190709599970316e-32,-3.190709599970316e-32,-3.190709599970316e-32,-3.190709599970316e-32,-3.190709599970316e-32,-3.190709599970316e-32,-3.190709599970316e-32,-3.190709599970316e-32,-3.190709599970316e-32,-3.190709599970316e-32,-3.190709599970316e-32,-3.190709599970316e-32,-3.190709599970316e-32,-3.190709599970316e-32,-3.190709599970316e-32,-3.190709599970316e-32,-3.190709599970316e-32
-2.186139210660774e-32,-2.186139210660774e-32,-2.186139210660774e-32,-2.186139210660774e-32,-2.186139210660774e-32,-2.186139210660774e-32,-2.186139210660774e-32,-2.186139210660774e-32,-2.186139210660774e-32,-2.186139210660774e-32,-2.186139210660774e-32,-2.186139210660774e-32,-2.186139210660774e-32,-2.186139210660774e-32,-2.186139210660774e-32,-2.186139210660774e-32,-2.186139210660774e-32,-2.186139210660774e-32,-2.186139210660774e-32,-2.186139210660774e-32
-3.3750441149804047e-32,-3.3750441149804047e-32,-3.3750441149804047e-32,-3.3750441149804047e-32,-3.3750441149804047e-32,-3.3750441149804047e-32,-3.3750441149804047e-32,-3.3750441149804047e-32,-3.3750441149804047e-32,-3.3750441149804047e-32,-3.3750441149804047e-32,-3.3750441149804047e-32,-3.3750441149804047e-32,-3.3750441149804047e-32,-3.3750441149804047e-32,-3.3750441149804047e-32,-3.3750441149804047e-32,-3.3750441149804047e-32,-3.3750441149804047e-32,-3.3750441149804047e-32
-1.7840844871306935e-32,-1.7840844871306935e-32,-1.7840844871306935e-32,-1.7840844871306935e-32,-1.7840844871306935e-32,-1.7840844871306935e-32,-1.7840844871306935e-32,-1.7840844871306935e-32,-1.7840844871306935e-32,-1.7840844871306935e-32,-1.7840844871306935e-32,-1.7840844871306935e-32,-1.7840844871306935e-32,-1.7840844871306935e-32,-1.7840844871306935e-32,-1.7840844871306935e-32,-1.7840844871306935e-32,-1.7840844871306935e-32,-1.7840844871306935e-32,-1.7840844871306935e-32
-1.63440728772277e-32,-1.63440728772277e-32,-1.63440728772277e-32,-1.63440728772277e-32,-1.63440728772277e-32,-1.63440728772277e-32,-1.63440728772277e-32,-1.63440728772277e-32,-1.63440728772277e-32,-1.63440728772277e-32,-1.63440728772277e-32,-1.63440728772277e-32,-1.63440728772277e-32,-1.63440728772277e-32,-1.63440728772277e-32,-1.63440728772277e-32,-1.63440728772277e-32,-1.63440728772277e-32,-1.63440728772277e-32,-1.63440728772277e-32
-1.9023984364167056e-32,-1.9023984364167056e-32,-1.9023984364167056e-32,-1.9023984364167056e-32,-1.9023984364167056e-32,-1.9023984364167056e-32,-1.9023984364167056e-32,-1.9023984364167056e-32,-1.9023984364167056e-32,-1.9023984364167056e-32,-1.9023984364167056e-32,-1.9023984364167056e-32,-1.9023984364167056e-32,-1.9023984364167056e-32,-1.9023984364167056e-32,-1.9023984364167056e-32,-1.9023984364167056e-32,-1.9023984364167056e-32,-1.9023984364167056e-32,-1.9023984364167056e-32
-3.631616582294562e-32,-3.631616582294562e-32,-3.631616582294562e-32,-3.631616582294562e-32,-3.631616582294562e-32,-3.631616582294562e-32,-3.631616582294562e-32,-3.631616582294562e-32,-3.631616582294562e-32,-3.631616582294562e-32,-3.631616582294562e-32,-3.631616582294562e-32,-3.631616582294562e-32,-3.631616582294562e-32,-3.631616582294562e-32,-3.631616582294562e-32,-3.631616582294562e-32,-3.631616582294562e-32,-3.631616582294562e-32,-3.631616582294562e-32
-2.7905587732241835e-32,-2.7905587732241835e-32,-2.7905587732241835e-32,-2.7905587732241835e-32,-2.7905587732241835e-32,-2.7905587732241835e-32,-2.7905587732241835e-32,-2.7905587732241835e-32,-2.7905587732241835e-32,-2.7905587732241835e-32,-2.7905587732241835e-32,-2.7905587732241835e-32,-2.7905587732241835e-32,-2.7905587732241835e-32,-2.7905587732241835e-32,-2.7905587732241835e-32,-2.7905587732241835e-32,-2.7905587732241835e-32,-2.7905587732241835e-32,-2.7905587732241835e-32
-2.4104611192474745e-32,-2.4104611192474745e-32,-2.4104611192474745e-32,-2.4104611192474745e-32,-2.4104611192474745e-32,-2.4104611192474745e-32,-2.4104611192474745e-32,-2.4104611192474745e-32,-2.4104611192474745e-32,-2.4104611192474745e-32,-2.4104611192474745e-32,-2.4104611192474745e-32,-2.4104611192474745e-32,-2.4104611192474745e-32,-2.4104611192474745e-32,-2.4104611192474745e-32,-2.4104611192474745e-32,-2.4104611192474745e-32,-2.4104611192474745e-32,-2.4104611192474745e-32
-1.739436657366236e-32,-1.739436657366236e-32,-1.739436657366236e-32,-1.739436657366236e-32,-1.739436657366236e-32,-1.739436657366236e-32,-1.739436657366236e-32,-1.739436657366236e-32,-1.739436657366236e-32,-1.739436657366236e-32,-1.739436657366236e-32,-1.739436657366236e-32,-1.739436657366236e-32,-1.739436657366236e-32,-1.739436657366236e-32,-1.739436657366236e-32,-1.739436657366236e-32,-1.739436657366236e-32,-1.739436657366236e-32,-1.739436657366236e-32
-4.9265932705717594e-32,-4.9265932705717594e-32,-4.9265932705717594e-32,-4.9265932705717594e-32,-4.9265932705717594e-32,-4.9265932705717594e-32,-4.9265932705717594e-32,-4.9265932705717594e-32,-4.9265932705717594e-32,-4.9265932705717594e-32,-4.9265932705717594e-32,-4.9265932705717594e-32,-4.9265932705717594e-32,-4.9265932705717594e-32,-4.9265932705717594e-32,-4.9265932705717594e-32,-4.9265932705717594e-32,-4.9265932705717594e-32,-4.9265932705717594e-32,-4.9265932705717594e-32
-1.584865554399356e-32,-1.584865554399356e-32,-1.584865554399356e-32,-1.584865554399356e-32,-1.584865554399356e-32,-1.584865554399356e-32,-1.584865554399356e-32,-1.584865554399356e-32,-1.584865554399356e-32,-1.584865554399356e-32,-1.584865554399356e-32,-1.584865554399356e-32,-1.584865554399356e-32,-1.584865554399356e-32,-1.584865554399356e-32,-1.584865554399356e-32,-1.584865554399356e-32,-1.584865554399356e-32,-1.584865554399356e-32,-1.584865554399356e-32
-1.389312824038006e-32,-1.389312824038006e-32,-1.389312824038006e-32,-1.389312824038006e-32,-1.389312824038006e-32,-1.389312824038006e-32,-1.389312824038006e-32,-1.389312824038006e-32,-1.389312824038006e-32,-1.389312824038006e-32,-1.389312824038006e-32,-1.389312824038006e-32,-1.389312824038006e-32,-1.389312824038006e-32,-1.389312824038006e-32,-1.389312824038006e-32,-1.389312824038006e-32,-1.389312824038006e-32,-1.389312824038006e-32,-1.389312824038006e-32
-1.723366400687029e-32,-1.723366400687029e-32,-1.723366400687029e-32,-1.723366400687029e-32,-1.723366400687029e-32,-1.723366400687029e-32,-1.723366400687029e-32,-1.723366400687029e-32,-1.723366400687029e-32,-1.723366400687029e-32,-1.723366400687029e-32,-1.723366400687029e-32,-1.723366400687029e-32,-1.723366400687029e-32,-1.723366400687029e-32,-1.723366400687029e-32,-1.723366400687029e-32,-1.723366400687029e-32,-1.723366400687029e-32,-1.723366400687029e-32
-1.2013134997973982e-32,-1.2013134997973982e-32,-1.2013134997973982e-32,-1.2013134997973982e-32,-1.2013134997973982e-32,-1.2013134997973982e-32,-1.2013134997973982e-32,-1.2013134997973982e-32,-1.2013134997973982e-32,-1.2013134997973982e-32,-1.2013134997973982e-32,-1.2013134997973982e-32,-1.2013134997973982e-32,-1.2013134997973982e-32,-1.2013134997973982e-32,-1.2013134997973982e-32,-1.2013134997973982e-32,-1.2013134997973982e-32,-1.2013134997973982e-32,-1.2013134997973982e-32
-3.15847905413642e-32,-3.15847905413642e-32,-3.15847905413642e-32,-3.15847905413642e-32,-3.15847905413642e-32,-3.15847905413642e-32,-3.15847905413642e-32,-3.15847905413642e-32,-3.15847905413642e-32,-3.15847905413642e-32,-3.15847905413642e-32,-3.15847905413642e-32,-3.15847905413642e-32,-3.15847905413642e-32,-3.15847905413642e-32,-3.15847905413642e-32,-3.15847905413642e-32,-3.15847905413642e-32,-3.15847905413642e-32,-3.15847905413642e-32
-2.1654261653000993e-32,-2.1654261653000993e-32,-2.1654261653000993e-32,-2.1654261653000993e-32,-2.1654261653000993e-32,-2.1654261653000993e-32,-2.1654261653000993e-32,-2.1654261653000993e-32,-2.1654261653000993e-32,-2.1654261653000993e-32,-2.1654261653000993e-32,-2.1654261653000993e-32,-2.1654261653000993e-32,-2.1654261653000993e-32,-2.1654261653000993e-32,-2.1654261653000993e-32,-2.1654261653000993e-32,-2.1654261653000993e-32,-2.1654261653000993e-32,-2.1654261653000993e-32
-8.074137910720079e-32,-8.074137910720079e-32,-8.074137910720079e-32,-8.074137910720079e-32,-8.074137910720079e-32,-8.074137910720079e-32,-8.074137910720079e-32,-8.074137910720079e-32,-8.074137910720079e-32,-8.074137910720079e-32,-8.074137910720079e-32,-8.074137910720079e-32,-8.074137910720079e-32,-8.074137910720079e-32,-8.074137910720079e-32,-8.074137910720079e-32,-8.074137910720079e-32,-8.074137910720079e-32,-8.074137910720079e-32,-8.074137910720079e-32
-1.452940669805868e-32,-1.452940669805868e-32,-1.452940669805868e-32,-1.452940669805868e-32,-1.452940669805868e-32,-1.452940669805868e-32,-1.452940669805868e-32,-1.452940669805868e-32,-1.452940669805868e-32,-1.452940669805868e-32,-1.452940669805868e-32,-1.452940669805868e-32,-1.452940669805868e-32,-1.452940669805868e-32,-1.452940669805868e-32,-1.452940669805868e-32,-1.452940669805868e-32,-1.452940669805868e-32,-1.452940669805868e-32,-1.452940669805868e-32
-2.0918285052604433e-32,-2.0918285052604433e-32,-2.0918285052604433e-32,-2.0918285052604433e-32,-2.0918285052604433e-32,-2.0918285052604433e-32,-2.0918285052604433e-32,-2.0918285052604433e-32,-2.0918285052604433e-32,-2.0918285052604433e-32,-2.0918285052604433e-32,-2.0918285052604433e-32,-2.0918285052604433e-32,-2.0918285052604433e-32,-2.0918285052604433e-32,-2.0918285052604433e-32,-2.0918285052604433e-32,-2.0918285052604433e-32,-2.0918285052604433e-32,-2.0918285052604433e-32
-1.8850538802372594e-32,-1.8850538802372594e-32,-1.8850538802372594e-32,-1.8850538802372594e-32,-1.8850538802372594e-32,-1.8850538802372594e-32,-1.8850538802372594e-32,-1.8850538802372594e-32,-1.8850538802372594e-32,-1.8850538802372594e-32,-1.8850538802372594e-32,-1.8850538802372594e-32,-1.8850538802372594e-32,-1.8850538802372594e-32,-1.8850538802372594e-32,-1.8850538802372594e-32,-1.8850538802372594e-32,-1.8850538802372594e-32,-1.8850538802372594e-32,-1.8850538802372594e-32
-9.703002994655759e-32,-9.703002994655759e-32,-9.703002994655759e-32,-9.703002994655759e-32,-9.703002994655759e-32,-9.703002994655759e-32,-9.703002994655759e-32,-9.703002994655759e-32,-9.703002994655759e-32,-9.703002994655759e-32,-9.703002994655759e-32,-9.703002994655759e-32,-9.703002994655759e-32,-9.703002994655759e-32,-9.703002994655759e-32,-9.703002994655759e-32,-9.703002994655759e-32,-9.703002994655759e-32,-9.703002994655759e-32,-9.703002994655759e-32
-1.4806519344647532e-32,-1.4806519344647532e-32,-1.4806519344647532e-32,-1.4806519344647532e-32,-1.4806519344647532e-32,-1.4806519344647532e-32,-1.4806519344647532e-32,-1.4806519344647532e-32,-1.4806519344647532e-32,-1.4806519344647532e-32,-1.4806519344647532e-32,-1.4806519344647532e-32,-1.4806519344647532e-32,-1.4806519344647532e-32,-1.4806519344647532e-32,-1.4806519344647532e-32,-1.4806519344647532e-32,-1.4806519344647532e-32,-1.4806519344647532e-32,-1.4806519344647532e-32
-5.053784027885443e-32,-5.053784027885443e-32,-5.053784027885443e-32,-5.053784027885443e-32,-5.053784027885443e-32,-5.053784027885443e-32,-5.053784027885443e-32,-5.053784027885443e-32,-5.053784027885443e-32,-5.053784027885443e-32,-5.053784027885443e-32,-5.053784027885443e-32,-5.053784027885443e-32,-5.053784027885443e-32,-5.053784027885443e-32,-5.053784027885443e-32,-5.053784027885443e-32,-5.053784027885443e-32,-5.053784027885443e-32,-5.053784027885443e-32
-6.296313252052701e-32,-6.296313252052701e-32,-6.296313252052701e-32,-6.296313252052701e-32,-6.296313252052701e-32,-6.296313252052701e-32,-6.296313252052701e-32,-6.296313252052701e-32,-6.296313252052701e-32,-6.296313252052701e-32,-6.296313252052701e-32,-6.296313252052701e-32,-6.296313252052701e-32,-6.296313252052701e-32,-6.296313252052701e-32,-6.296313252052701e-32,-6.296313252052701e-32,-6.296313252052701e-32,-6.296313252052701e-32,-6.296313252052701e-32
-2.1698880066745763e-32,-2.1698880066745763e-32,-2.1698880066745763e-32,-2.1698880066745763e-32,-2.1698880066745763e-32,-2.1698880066745763e-32,-2.1698880066745763e-32,-2.1698880066745763e-32,-2.1698880066745763e-32,-2.1698880066745763e-32,-2.1698880066745763e-32,-2.1698880066745763e-32,-2.1698880066745763e-32,-2.1698880066745763e-32,-2.1698880066745763e-32,-2.1698880066745763e-32,-2.1698880066745763e-32,-2.1698880066745763e-32,-2.1698880066745763e-32,-2.1698880066745763e-32
-3.6121667678633457e-32,-3.6121667678633457e-32,-3.6121667678633457e-32,-3.6121667678633457e-32,-3.6121667678633457e-32,-3.6121667678633457e-32,-3.6121667678633457e-32,-3.6121667678633457e-32,-3.6121667678633457e-32,-3.6121667678633457e-32,-3.6121667678633457e-32,-3.6121667678633457e-32,-3.6121667678633457e-32,-3.6121667678633457e-32,-3.6121667678633457e-32,-3.6121667678633457e-32,-3.6121667678633457e-32,-3.6121667678633457e-32,-3.6121667678633457e-32,-3.6121667678633457e-32
-2.6109836464081116e-32,-2.6109836464081116e-32,-2.6109836464081116e-32,-2.6109836464081116e-32,-2.6109836464081116e-32,-2.6109836464081116e-32,-2.6109836464081116e-32,-2.6109836464081116e-32,-2.6109836464081116e-32,-2.6109836464081116e-32,-2.6109836464081116e-32,-2.6109836464081116e-32,-2.6109836464081116e-32,-2.6109836464081116e-32,-2.6109836464081116e-32,-2.6109836464081116e-32,-2.6109836464081116e-32,-2.6109836464081116e-32,-2.6109836464081116e-32,-2.6109836464081116e-32
-4.6364673047044686e-32,-4.6364673047044686e-32,-4.6364673047044686e-32,-4.6364673047044686e-32,-4.6364673047044686e-32,-4.6364673047044686e-32,-4.6364673047044686e-32,-4.6364673047044686e-32,-4.6364673047044686e-32,-4.6364673047044686e-32,-4.6364673047044686e-32,-4.6364673047044686e-32,-4.6364673047044686e-32,-4.6364673047044686e-32,-4.6364673047044686e-32,-4.6364673047044686e-32,-4.6364673047044686e-32,-4.6364673047044686e-32,-4.6364673047044686e-32,-4.6364673047044686e-32
-3.862731552802856e-32,-3.862731552802856e-32,-3.862731552802856e-32,-3.862731552802856e-32,-3.862731552802856e-32,-3.862731552802856e-32,-3.862731552802856e-32,-3.862731552802856e-32,-3.862731552802856e-32,-3.862731552802856e-32,-3.862731552802856e-32,-3.862731552802856e-32,-3.862731552802856e-32,-3.862731552802856e-32,-3.862731552802856e-32,-3.862731552802856e-32,-3.862731552802856e-32,-3.862731552802856e-32,-3.862731552802856e-32,-3.862731552802856e-32
-1.9349940374224073e-31,-1.9349940374224073e-31,-1.9349940374224073e-31,-1.9349940374224073e-31,-1.9349940374224073e-31,-1.9349940374224073e-31,-1.9349940374224073e-31,-1.9349940374224073e-31,-1.9349940374224073e-31,-1.9349940374224073e-31,-1.9349940374224073e-31,-1.9349940374224073e-31,-1.9349940374224073e-31,-1.9349940374224073e-31,-1.9349940374224073e-31,-1.9349940374224073e-31,-1.9349940374224073e-31,-1.9349940374224073e-31,-1.9349940374224073e-31,-1.9349940374224073e-31
-6.521085587108292e-32,-6.521085587108292e-32,-6.521085587108292e-32,-6.521085587108292e-32,-6.521085587108292e-32,-6.521085587108292e-32,-6.521085587108292e-32,-6.521085587108292e-32,-6.521085587108292e-32,-6.521085587108292e-32,-6.521085587108292e-32,-6.521085587108292e-32,-6.521085587108292e-32,-6.521085587108292e-32,-6.521085587108292e-32,-6.521085587108292e-32,-6.521085587108292e-32,-6.521085587108292e-32,-6.521085587108292e-32,-6.521085587108292e-32
-6.083869499846906e-32,-6.083869499846906e-32,-6.083869499846906e-32,-6.083869499846906e-32,-6.083869499846906e-32,-6.083869499846906e-32,-6.083869499846906e-32,-6.083869499846906e-32,-6.083869499846906e-32,-6.083869499846906e-32,-6.083869499846906e-32,-6.083869499846906e-32,-6.083869499846906e-32,-6.083869499846906e-32,-6.083869499846906e-32,-6.083869499846906e-32,-6.083869499846906e-32,-6.083869499846906e-32,-6.083869499846906e-32,-6.083869499846906e-32
-3.1543256597922234e-32,-3.1543256597922234e-32,-3.1543256597922234e-32,-3.1543256597922234e-32,-3.1543256597922234e-32,-3.1543256597922234e-32,-3.1543256597922234e-32,-3.1543256597922234e-32,-3.1543256597922234e-32,-3.1543256597922234e-32,-3.1543256597922234e-32,-3.1543256597922234e-32,-3.1543256597922234e-32,-3.1543256597922234e-32,-3.1543256597922234e-32,-3.1543256597922234e-32,-3.1543256597922234e-32,-3.1543256597922234e-32,-3.1543256597922234e-32,-3.1543256597922234e-32
-1.4531785765661238e-32,-1.4531785765661238e-32,-1.4531785765661238e-32,-1.4531785765661238e-32,-1.4531785765661238e-32,-1.4531785765661238e-32,-1.4531785765661238e-32,-1.4531785765661238e-32,-1.4531785765661238e-32,-1.4531785765661238e-32,-1.4531785765661238e-32,-1.4531785765661238e-32,-1.4531785765661238e-32,-1.4531785765661238e-32,-1.4531785765661238e-32,-1.4531785765661238e-32,-1.4531785765661238e-32,-1.4531785765661238e-32,-1.4531785765661238e-32,-1.4531785765661238e-32
-3.141698359267519e-32,-3.141698359267519e-32,-3.141698359267519e-32,-3.141698359267519e-32,-3.141698359267519e-32,-3.141698359267519e-32,-3.141698359267519e-32,-3.141698359267519e-32,-3.141698359267519e-32,-3.141698359267519e-32,-3.141698359267519e-32,-3.141698359267519e-32,-3.141698359267519e-32,-3.141698359267519e-32,-3.141698359267519e-32,-3.141698359267519e-32,-3.141698359267519e-32,-3.141698359267519e-32,-3.141698359267519e-32,-3.141698359267519e-32
-2.3397346545262322e-32,-2.3397346545262322e-32,-2.3397346545262322e-32,-2.3397346545262322e-32,-2.3397346545262322e-32,-2.3397346545262322e-32,-2.3397346545262322e-32,-2.3397346545262322e-32,-2.3397346545262322e-32,-2.3397346545262322e-32,-2.3397346545262322e-32,-2.3397346545262322e-32,-2.3397346545262322e-32,-2.3397346545262322e-32,-2.3397346545262322e-32,-2.3397346545262322e-32,-2.3397346545262322e-32,-2.3397346545262322e-32,-2.3397346545262322e-32,-2.3397346545262322e-32
-7.803239229330895e-32,-7.803239229330895e-32,-7.803239229330895e-32,-7.803239229330895e-32,-7.803239229330895e-32,-7.803239229330895e-32,-7.803239229330895e-32,-7.803239229330895e-32,-7.803239229330895e-32,-7.803239229330895e-32,-7.803239229330895e-32,-7.803239229330895e-32,-7.803239229330895e-32,-7.803239229330895e-32,-7.803239229330895e-32,-7.803239229330895e-32,-7.803239229330895e-32,-7.803239229330895e-32,-7.803239229330895e-32,-7.803239229330895e-32
-4.7316695747040967e-32,-4.7316695747040967e-32,-4.7316695747040967e-32,-4.7316695747040967e-32,-4.7316695747040967e-32,-4.7316695747040967e-32,-4.7316695747040967e-32,-4.7316695747040967e-32,-4.7316695747040967e-32,-4.7316695747040967e-32,-4.7316695747040967e-32,-4.7316695747040967e-32,-4.7316695747040967e-32,-4.7316695747040967e-32,-4.7316695747040967e-32,-4.7316695747040967e-32,-4.7316695747040967e-32,-4.7316695747040967e-32,-4.7316695747040967e-32,-4.7316695747040967e-32
-2.795193283227167e-32,-2.795193283227167e-32,-2.795193283227167e-32,-2.795193283227167e-32,-2.795193283227167e-32,-2.795193283227167e-32,-2.795193283227167e-32,-2.795193283227167e-32,-2.795193283227167e-32,-2.795193283227167e-32,-2.795193283227167e-32,-2.795193283227167e-32,-2.795193283227167e-32,-2.795193283227167e-32,-2.795193283227167e-32,-2.795193283227167e-32,-2.795193283227167e-32,-2.795193283227167e-32,-2.795193283227167e-32,-2.795193283227167e-32
-6.168695541973611e-32,-6.168695541973611e-32,-6.168695541973611e-32,-6.168695541973611e-32,-6.168695541973611e-32,-6.168695541973611e-32,-6.168695541973611e-32,-6.168695541973611e-32,-6.168695541973611e-32,-6.168695541973611e-32,-6.168695541973611e-32,-6.168695541973611e-32,-6.168695541973611e-32,-6.168695541973611e-32,-6.168695541973611e-32,-6.168695541973611e-32,-6.168695541973611e-32,-6.168695541973611e-32,-6.168695541973611e-32,-6.168695541973611e-32
-3.352091491432188e-32,-3.352091491432188e-32,-3.352091491432188e-32,-3.352091491432188e-32,-3.352091491432188e-32,-3.352091491432188e-32,-3.352091491432188e-32,-3.352091491432188e-32,-3.352091491432188e-32,-3.352091491432188e-32,-3.352091491432188e-32,-3.352091491432188e-32,-3.352091491432188e-32,-3.352091491432188e-32,-3.352091491432188e-32,-3.352091491432188e-32,-3.352091491432188e-32,-3.352091491432188e-32,-3.352091491432188e-32,-3.352091491432188e-32
-4.014162132925885e-32,-4.014162132925885e-32,-4.014162132925885e-32,-4.014162132925885e-32,-4.014162132925885e-32,-4.014162132925885e-32,-4.014162132925885e-32,-4.014162132925885e-32,-4.014162132925885e-32,-4.014162132925885e-32,-4.014162132925885e-32,-4.014162132925885e-32,-4.014162132925885e-32,-4.014162132925885e-32,-4.014162132925885e-32,-4.014162132925885e-32,-4.014162132925885e-32,-4.014162132925885e-32,-4.014162132925885e-32,-4.014162132925885e-32
-1.1093851200641497e-31,-1.1093851200641497e-31,-1.1093851200641497e-31,-1.1093851200641497e-31,-1.1093851200641497e-31,-1.1093851200641497e-31,-1.1093851200641497e-31,-1.1093851200641497e-31,-1.1093851200641497e-31,-1.1093851200641497e-31,-1.1093851200641497e-31,-1.1093851200641497e-31,-1.1093851200641497e-31,-1.1093851200641497e-31,-1.1093851200641497e-31,-1.1093851200641497e-31,-1.1093851200641497e-31,-1.1093851200641497e-31,-1.1093851200641497e-31,-1.1093851200641497e-31
-5.129176757692259e-32,-5.129176757692259e-32,-5.129176757692259e-32,-5.129176757692259e-32,-5.129176757692259e-32,-5.129176757692259e-32,-5.129176757692259e-32,-5.129176757692259e-32,-5.129176757692259e-32,-5.129176757692259e-32,-5.129176757692259e-32,-5.129176757692259e-32,-5.129176757692259e-32,-5.129176757692259e-32,-5.129176757692259e-32,-5.129176757692259e-32,-5.129176757692259e-32,-5.129176757692259e-32,-5.129176757692259e-32,-5.129176757692259e-32
-1.2227718549805955e-31,-1.2227718549805955e-31,-1.2227718549805955e-31,-1.2227718549805955e-31,-1.2227718549805955e-31,-1.2227718549805955e-31,-1.2227718549805955e-31,-1.2227718549805955e-31,-1.2227718549805955e-31,-1.2227718549805955e-31,-1.2227718549805955e-31,-1.2227718549805955e-31,-1.2227718549805955e-31,-1.2227718549805955e-31,-1.2227718549805955e-31,-1.2227718549805955e-31,-1.2227718549805955e-31,-1.2227718549805955e-31,-1.2227718549805955e-31,-1.2227718549805955e-31
-1.3877787807814457e-16,-1.3877787807814457e-16,-1.3877787807814457e-16,-1.3877787807814457e-16,-1.3877787807814457e-16,-1.3877787807814457e-16,-1.3877787807814457e-16,-1.3877787807814457e-16,-1.3877787807814457e-16,-1.3877787807814457e-16,-1.3877787807814457e-16,-1.3877787807814457e-16,-1.3877787807814457e-16,-1.3877787807814457e-16,-1.3877787807814457e-16,-1.3877787807814457e-16,-1.3877787807814457e-16,-1.3877787807814457e-16,-1.3877787807814457e-16,-1.3877787807814457e-16
-0.30942373217783936,-0.30942373217783936,-0.30942373217783936,-0.30942373217783936,-0.30942373217783936,-0.30942373217783936,-0.30942373217783936,-0.30942373217783936,-0.30942373217783936,-0.30942373217783936,-0.30942373217783936,-0.30942373217783936,-0.30942373217783936,-0.30942373217783936,-0.30942373217783936,-0.30942373217783936,-0.30942373217783936,-0.30942373217783936,-0.30942373217783936,-0.30942373217783936
-0.41373532937989344,-0.41373532937989344,-0.41373532937989344,-0.41373532937989344,-0.41373532937989344,-0.41373532937989344,-0.41373532937989344,-0.41373532937989344,-0.41373532937989344,-0.41373532937989344,-0.41373532937989344,-0.41373532937989344,-0.41373532937989344,-0.41373532937989344,-0.41373532937989344,-0.41373532937989344,-0.41373532937989344,-0.41373532937989344,-0.41373532937989344,-0.41373532937989344
-0.36941926362921945,-0.36941926362921945,-0.36941926362921945,-0.36941926362921945,-0.36941926362921945,-0.36941926362921945,-0.36941926362921945,-0.36941926362921945,-0.36941926362921945,-0.36941926362921945,-0.36941926362921945,-0.36941926362921945,-0.36941926362921945,-0.36941926362921945,-0.36941926362921945,-0.36941926362921945,-0.36941926362921945,-0.36941926362921945,-0.36941926362921945,-0.36941926362921945
-0.38172220096151427,-0.38172220096151427,-0.38172220096151427,-0.38172220096151427,-0.38172220096151427,-0.38172220096151427,-0.38172220096151427,-0.38172220096151427,-0.38172220096151427,-0.38172220096151427,-0.38172220096151427,-0.38172220096151427,-0.38172220096151427,-0.38172220096151427,-0.38172220096151427,-0.38172220096151427,-0.38172220096151427,-0.38172220096151427,-0.38172220096151427,-0.38172220096151427
-0.4199161005668808,-0.4199161005668808,-0.4199161005668808,-0.4199161005668808,-0.4199161005668808,-0.4199161005668808,-0.4199161005668808,-0.4199161005668808,-0.4199161005668808,-0.4199161005668808,-0.4199161005668808,-0.4199161005668808,-0.4199161005668808,-0.4199161005668808,-0.4199161005668808,-0.4199161005668808,-0.4199161005668808,-0.4199161005668808,-0.4199161005668808,-0.4199161005668808
-0.4472447934351196,-0.4472447934351196,-0.4472447934351196,-0.4472447934351196,-0.4472447934351196,-0.4472447934351196,-0.4472447934351196,-0.4472447934351196,-0.4472447934351196,-0.4472447934351196,-0.4472447934351196,-0.4472447934351196,-0.4472447934351196,-0.4472447934351196,-0.4472447934351196,-0.4472447934351196,-0.4472447934351196,-0.4472447934351196,-0.4472447934351196,-0.4472447934351196
-0.46027967235831013,-0.46027967235831013,-0.46027967235831013,-0.46027967235831013,-0.46027967235831013,-0.46027967235831013,-0.46027967235831013,-0.46027967235831013,-0.46027967235831013,-0.46027967235831013,-0.46027967235831013,-0.46027967235831013,-0.46027967235831013,-0.46027967235831013,-0.46027967235831013,-0.46027967235831013,-0.46027967235831013,-0.46027967235831013,-0.46027967235831013,-0.46027967235831013
-0.5108740554984512,-0.5108740554984512,-0.5108740554984512,-0.5108740554984512,-0.5108740554984512,-0.5108740554984512,-0.5108740554984512,-0.5108740554984512,-0.5108740554984512,-0.5108740554984512,-0.5108740554984512,-0.5108740554984512,-0.5108740554984512,-0.5108740554984512,-0.5108740554984512,-0.5108740554984512,-0.5108740554984512,-0.5108740554984512,-0.5108740554984512,-0.5108740554984512
-0.5109928259242609,-0.5109928259242609,-0.5109928259242609,-0.5109928259242609,-0.5109928259242609,-0.5109928259242609,-0.5109928259242609,-0.5109928259242609,-0.5109928259242609,-0.5109928259242609,-0.5109928259242609,-0.5109928259242609,-0.5109928259242609,-0.5109928259242609,-0.5109928259242609,-0.5109928259242609,-0.5109928259242609,-0.5109928259242609,-0.5109928259242609,-0.5109928259242609
-0.5180980606295609,-0.5180980606295609,-0.5180980606295609,-0.5180980606295609,-0.5180980606295609,-0.5180980606295609,-0.5180980606295609,-0.5180980606295609,-0.5180980606295609,-0.5180980606295609,-0.5180980606295609,-0.5180980606295609,-0.5180980606295609,-0.5180980606295609,-0.5180980606295609,-0.5180980606295609,-0.5180980606295609,-0.5180980606295609,-0.5180980606295609,-0.5180980606295609
-0.5239134359426019,-0.5239134359426019,-0.5239134359426019,-0.5239134359426019,-0.5239134359426019,-0.5239134359426019,-0.5239134359426019,-0.5239134359426019,-0.5239134359426019,-0.5239134359426019,-0.5239134359426019,-0.5239134359426019,-0.5239134359426019,-0.5239134359426019,-0.5239134359426019,-0.5239134359426019,-0.5239134359426019,-0.5239134359426019,-0.5239134359426019,-0.5239134359426019
-0.5419521859668033,-0.5419521859668033,-0.5419521859668033,-0.5419521859668033,-0.5419521859668033,-0.5419521859668033,-0.5419521859668033,-0.5419521859668033,-0.5419521859668033,-0.5419521859668033,-0.5419521859668033,-0.5419521859668033,-0.5419521859668033,-0.5419521859668033,-0.5419521859668033,-0.5419521859668033,-0.5419521859668033,-0.5419521859668033,-0.5419521859668033,-0.5419521859668033
-0.5279481346412962,-0.5279481346412962,-0.5279481346412962,-0.5279481346412962,-0.5279481346412962,-0.5279481346412962,-0.5279481346412962,-0.5279481346412962,-0.5279481346412962,-0.5279481346412962,-0.5279481346412962,-0.5279481346412962,-0.5279481346412962,-0.5279481346412962,-0.5279481346412962,-0.5279481346412962,-0.5279481346412962,-0.5279481346412962,-0.5279481346412962,-0.5279481346412962
-0.5521706479914581,-0.5521706479914581,-0.5521706479914581,-0.5521706479914581,-0.5521706479914581,-0.5521706479914581,-0.5521706479914581,-0.5521706479914581,-0.5521706479914581,-0.5521706479914581,-0.5521706479914581,-0.5521706479914581,-0.5521706479914581,-0.5521706479914581,-0.5521706479914581,-0.5521706479914581,-0.5521706479914581,-0.5521706479914581,-0.5521706479914581,-0.5521706479914581
-0.5247754813157277,-0.5247754813157277,-0.5247754813157277,-0.5247754813157277,-0.5247754813157277,-0.5247754813157277,-0.5247754813157277,-0.5247754813157277,-0.5247754813157277,-0.5247754813157277,-0.5247754813157277,-0.5247754813157277,-0.5247754813157277,-0.5247754813157277,-0.5247754813157277,-0.5247754813157277,-0.5247754813157277,-0.5247754813157277,-0.5247754813157277,-0.5247754813157277
-0.5104408170301962,-0.5104408170301962,-0.5104408170301962,-0.5104408170301962,-0.5104408170301962,-0.5104408170301962,-0.5104408170301962,-0.5104408170301962,-0.5104408170301962,-0.5104408170301962,-0.5104408170301962,-0.5104408170301962,-0.5104408170301962,-0.5104408170301962,-0.5104408170301962,-0.5104408170301962,-0.5104408170301962,-0.5104408170301962,-0.5104408170301962,-0.5104408170301962
-0.5217140023887215,-0.5217140023887215,-0.5217140023887215,-0.5217140023887215,-0.5217140023887215,-0.5217140023887215,-0.5217140023887215,-0.5217140023887215,-0.5217140023887215,-0.5217140023887215,-0.5217140023887215,-0.5217140023887215,-0.5217140023887215,-0.5217140023887215,-0.5217140023887215,-0.5217140023887215,-0.5217140023887215,-0.5217140023887215,-0.5217140023887215,-0.5217140023887215
-0.5529504830254137,-0.5529504830254137,-0.5529504830254137,-0.5529504830254137,-0.5529504830254137,-0.5529504830254137,-0.5529504830254137,-0.5529504830254137,-0.5529504830254137,-0.5529504830254137,-0.5529504830254137,-0.5529504830254137,-0.5529504830254137,-0.5529504830254137,-0.5529504830254137,-0.5529504830254137,-0.5529504830254137,-0.5529504830254137,-0.5529504830254137,-0.5529504830254137
-0.5424910075521482,-0.5424910075521482,-0.5424910075521482,-0.5424910075521482,-0.5424910075521482,-0.5424910075521482,-0.5424910075521482,-0.5424910075521482,-0.5424910075521482,-0.5424910075521482,-0.5424910075521482,-0.5424910075521482,-0.5424910075521482,-0.5424910075521482,-0.5424910075521482,-0.5424910075521482,-0.5424910075521482,-0.5424910075521482,-0.5424910075521482,-0.5424910075521482
-0.5599878084869492,-0.5599878084869492,-0.5599878084869492,-0.5599878084869492,-0.5599878084869492,-0.5599878084869492,-0.5599878084869492,-0.5599878084869492,-0.5599878084869492,-0.5599878084869492,-0.5599878084869492,-0.5599878084869492,-0.5599878084869492,-0.5599878084869492,-0.5599878084869492,-0.5599878084869492,-0.5599878084869492,-0.5599878084869492,-0.5599878084869492,-0.5599878084869492
-0.5714062060336326,-0.5714062060336326,-0.5714062060336326,-0.5714062060336326,-0.5714062060336326,-0.5714062060336326,-0.5714062060336326,-0.5714062060336326,-0.5714062060336326,-0.5714062060336326,-0.5714062060336326,-0.5714062060336326,-0.5714062060336326,-0.5714062060336326,-0.5714062060336326,-0.5714062060336326,-0.5714062060336326,-0.5714062060336326,-0.5714062060336326,-0.5714062060336326
-0.5602862781349083,-0.5602862781349083,-0.5602862781349083,-0.5602862781349083,-0.5602862781349083,-0.5602862781349083,-0.5602862781349083,-0.5602862781349083,-0.5602862781349083,-0.5602862781349083,-0.5602862781349083,-0.5602862781349083,-0.5602862781349083,-0.5602862781349083,-0.5602862781349083,-0.5602862781349083,-0.5602862781349083,-0.5602862781349083,-0.5602862781349083,-0.5602862781349083
-0.5452498378293045,-0.5452498378293045,-0.5452498378293045,-0.5452498378293045,-0.5452498378293045,-0.5452498378293045,-0.5452498378293045,-0.5452498378293045,-0.5452498378293045,-0.5452498378293045,-0.5452498378293045,-0.5452498378293045,-0.5452498378293045,-0.5452498378293045,-0.5452498378293045,-0.5452498378293045,-0.5452498378293045,-0.5452498378293045,-0.5452498378293045,-0.5452498378293045
-0.540654055363867,-0.540654055363867,-0.540654055363867,-0.540654055363867,-0.540654055363867,-0.540654055363867,-0.540654055363867,-0.540654055363867,-0.540654055363867,-0.540654055363867,-0.540654055363867,-0.540654055363867,-0.540654055363867,-0.540654055363867,-0.540654055363867,-0.540654055363867,-0.540654055363867,-0.540654055363867,-0.540654055363867,-0.540654055363867
-0.5653460333008037,-0.5653460333008037,-0.5653460333008037,-0.5653460333008037,-0.5653460333008037,-0.5653460333008037,-0.5653460333008037,-0.5653460333008037,-0.5653460333008037,-0.5653460333008037,-0.5653460333008037,-0.5653460333008037,-0.5653460333008037,-0.5653460333008037,-0.5653460333008037,-0.5653460333008037,-0.5653460333008037,-0.5653460333008037,-0.5653460333008037,-0.5653460333008037
-0.5670950356443097,-0.5670950356443097,-0.5670950356443097,-0.5670950356443097,-0.5670950356443097,-0.5670950356443097,-0.5670950356443097,-0.5670950356443097,-0.5670950356443097,-0.5670950356443097,-0.5670950356443097,-0.5670950356443097,-0.5670950356443097,-0.5670950356443097,-0.5670950356443097,-0.5670950356443097,-0.5670950356443097,-0.5670950356443097,-0.5670950356443097,-0.5670950356443097
-0.5444426791093838,-0.5444426791093838,-0.5444426791093838,-0.5444426791093838,-0.5444426791093838,-0.5444426791093838,-0.5444426791093838,-0.5444426791093838,-0.5444426791093838,-0.5444426791093838,-0.5444426791093838,-0.5444426791093838,-0.5444426791093838,-0.5444426791093838,-0.5444426791093838,-0.5444426791093838,-0.5444426791093838,-0.5444426791093838,-0.5444426791093838,-0.5444426791093838
-0.5512845953107546,-0.5512845953107546,-0.5512845953107546,-0.5512845953107546,-0.5512845953107546,-0.5512845953107546,-0.5512845953107546,-0.5512845953107546,-0.5512845953107546,-0.5512845953107546,-0.5512845953107546,-0.5512845953107546,-0.5512845953107546,-0.5512845953107546,-0.5512845953107546,-0.5512845953107546,-0.5512845953107546,-0.5512845953107546,-0.5512845953107546,-0.5512845953107546
-0.5564517774875831,-0.5564517774875831,-0.5564517774875831,-0.5564517774875831,-0.5564517774875831,-0.5564517774875831,-0.5564517774875831,-0.5564517774875831,-0.5564517774875831,-0.5564517774875831,-0.5564517774875831,-0.5564517774875831,-0.5564517774875831,-0.5564517774875831,-0.5564517774875831,-0.5564517774875831,-0.5564517774875831,-0.5564517774875831,-0.5564517774875831,-0.5564517774875831
