0,1,2,3,4,5,6,7,8,9,10,11,12,13,14,15,16,17,18,19
-0.547383189463565,-0.547383189463565,-0.547383189463565,-0.547383189463565,-0.547383189463565,-0.547383189463565,-0.547383189463565,-0.547383189463565,-0.547383189463565,-0.547383189463565,-0.547383189463565,-0.547383189463565,-0.547383189463565,-0.547383189463565,-0.547383189463565,-0.547383189463565,-0.547383189463565,-0.547383189463565,-0.547383189463565,-0.547383189463565
-0.5436938167720472,-0.5436938167720472,-0.5436938167720472,-0.5436938167720472,-0.5436938167720472,-0.5436938167720472,-0.5436938167720472,-0.5436938167720472,-0.5436938167720472,-0.5436938167720472,-0.5436938167720472,-0.5436938167720472,-0.5436938167720472,-0.5436938167720472,-0.5436938167720472,-0.5436938167720472,-0.5436938167720472,-0.5436938167720472,-0.5436938167720472,-0.5436938167720472
-0.5323556590880758,-0.5323556590880758,-0.5323556590880758,-0.5323556590880758,-0.5323556590880758,-0.5323556590880758,-0.5323556590880758,-0.5323556590880758,-0.5323556590880758,-0.5323556590880758,-0.5323556590880758,-0.5323556590880758,-0.5323556590880758,-0.5323556590880758,-0.5323556590880758,-0.5323556590880758,-0.5323556590880758,-0.5323556590880758,-0.5323556590880758,-0.5323556590880758
-0.5522498343701135,-0.5522498343701135,-0.5522498343701135,-0.5522498343701135,-0.5522498343701135,-0.5522498343701135,-0.5522498343701135,-0.5522498343701135,-0.5522498343701135,-0.5522498343701135,-0.5522498343701135,-0.5522498343701135,-0.5522498343701135,-0.5522498343701135,-0.5522498343701135,-0.5522498343701135,-0.5522498343701135,-0.5522498343701135,-0.5522498343701135,-0.5522498343701135
-0.5525240264004803,-0.5525240264004803,-0.5525240264004803,-0.5525240264004803,-0.5525240264004803,-0.5525240264004803,-0.5525240264004803,-0.5525240264004803,-0.5525240264004803,-0.5525240264004803,-0.5525240264004803,-0.5525240264004803,-0.5525240264004803,-0.5525240264004803,-0.5525240264004803,-0.5525240264004803,-0.5525240264004803,-0.5525240264004803,-0.5525240264004803,-0.5525240264004803
-0.5294716089359429,-0.5294716089359429,-0.5294716089359429,-0.5294716089359429,-0.5294716089359429,-0.5294716089359429,-0.5294716089359429,-0.5294716089359429,-0.5294716089359429,-0.5294716089359429,-0.5294716089359429,-0.5294716089359429,-0.5294716089359429,-0.5294716089359429,-0.5294716089359429,-0.5294716089359429,-0.5294716089359429,-0.5294716089359429,-0.5294716089359429,-0.5294716089359429
-0.5372041965558837,-0.5372041965558837,-0.5372041965558837,-0.5372041965558837,-0.5372041965558837,-0.5372041965558837,-0.5372041965558837,-0.5372041965558837,-0.5372041965558837,-0.5372041965558837,-0.5372041965558837,-0.5372041965558837,-0.5372041965558837,-0.5372041965558837,-0.5372041965558837,-0.5372041965558837,-0.5372041965558837,-0.5372041965558837,-0.5372041965558837,-0.5372041965558837
-0.5473090476232254,-0.5473090476232254,-0.5473090476232254,-0.5473090476232254,-0.5473090476232254,-0.5473090476232254,-0.5473090476232254,-0.5473090476232254,-0.5473090476232254,-0.5473090476232254,-0.5473090476232254,-0.5473090476232254,-0.5473090476232254,-0.5473090476232254,-0.5473090476232254,-0.5473090476232254,-0.5473090476232254,-0.5473090476232254,-0.5473090476232254,-0.5473090476232254
-0.5564582098419699,-0.5564582098419699,-0.5564582098419699,-0.5564582098419699,-0.5564582098419699,-0.5564582098419699,-0.5564582098419699,-0.5564582098419699,-0.5564582098419699,-0.5564582098419699,-0.5564582098419699,-0.5564582098419699,-0.5564582098419699,-0.5564582098419699,-0.5564582098419699,-0.5564582098419699,-0.5564582098419699,-0.5564582098419699,-0.5564582098419699,-0.5564582098419699
-0.5512992809203601,-0.5512992809203601,-0.5512992809203601,-0.5512992809203601,-0.5512992809203601,-0.5512992809203601,-0.5512992809203601,-0.5512992809203601,-0.5512992809203601,-0.5512992809203601,-0.5512992809203601,-0.5512992809203601,-0.5512992809203601,-0.5512992809203601,-0.5512992809203601,-0.5512992809203601,-0.5512992809203601,-0.5512992809203601,-0.5512992809203601,-0.5512992809203601
-0.5398932976828553,-0.5398932976828553,-0.5398932976828553,-0.5398932976828553,-0.5398932976828553,-0.5398932976828553,-0.5398932976828553,-0.5398932976828553,-0.5398932976828553,-0.5398932976828553,-0.5398932976828553,-0.5398932976828553,-0.5398932976828553,-0.5398932976828553,-0.5398932976828553,-0.5398932976828553,-0.5398932976828553,-0.5398932976828553,-0.5398932976828553,-0.5398932976828553
-0.5483548153768139,-0.5483548153768139,-0.5483548153768139,-0.5483548153768139,-0.5483548153768139,-0.5483548153768139,-0.5483548153768139,-0.5483548153768139,-0.5483548153768139,-0.5483548153768139,-0.5483548153768139,-0.5483548153768139,-0.5483548153768139,-0.5483548153768139,-0.5483548153768139,-0.5483548153768139,-0.5483548153768139,-0.5483548153768139,-0.5483548153768139,-0.5483548153768139
-0.5252556411364309,-0.5252556411364309,-0.5252556411364309,-0.5252556411364309,-0.5252556411364309,-0.5252556411364309,-0.5252556411364309,-0.5252556411364309,-0.5252556411364309,-0.5252556411364309,-0.5252556411364309,-0.5252556411364309,-0.5252556411364309,-0.5252556411364309,-0.5252556411364309,-0.5252556411364309,-0.5252556411364309,-0.5252556411364309,-0.5252556411364309,-0.5252556411364309
-0.510518693273811,-0.510518693273811,-0.510518693273811,-0.510518693273811,-0.510518693273811,-0.510518693273811,-0.510518693273811,-0.510518693273811,-0.510518693273811,-0.510518693273811,-0.510518693273811,-0.510518693273811,-0.510518693273811,-0.510518693273811,-0.510518693273811,-0.510518693273811,-0.510518693273811,-0.510518693273811,-0.510518693273811,-0.510518693273811
-0.5185158655746894,-0.5185158655746894,-0.5185158655746894,-0.5185158655746894,-0.5185158655746894,-0.5185158655746894,-0.5185158655746894,-0.5185158655746894,-0.5185158655746894,-0.5185158655746894,-0.5185158655746894,-0.5185158655746894,-0.5185158655746894,-0.5185158655746894,-0.5185158655746894,-0.5185158655746894,-0.5185158655746894,-0.5185158655746894,-0.5185158655746894,-0.5185158655746894
-0.5575250066457966,-0.5575250066457966,-0.5575250066457966,-0.5575250066457966,-0.5575250066457966,-0.5575250066457966,-0.5575250066457966,-0.5575250066457966,-0.5575250066457966,-0.5575250066457966,-0.5575250066457966,-0.5575250066457966,-0.5575250066457966,-0.5575250066457966,-0.5575250066457966,-0.5575250066457966,-0.5575250066457966,-0.5575250066457966,-0.5575250066457966,-0.5575250066457966
-0.5299289015900528,-0.5299289015900528,-0.5299289015900528,-0.5299289015900528,-0.5299289015900528,-0.5299289015900528,-0.5299289015900528,-0.5299289015900528,-0.5299289015900528,-0.5299289015900528,-0.5299289015900528,-0.5299289015900528,-0.5299289015900528,-0.5299289015900528,-0.5299289015900528,-0.5299289015900528,-0.5299289015900528,-0.5299289015900528,-0.5299289015900528,-0.5299289015900528
-0.5384746475623972,-0.5384746475623972,-0.5384746475623972,-0.5384746475623972,-0.5384746475623972,-0.5384746475623972,-0.5384746475623972,-0.5384746475623972,-0.5384746475623972,-0.5384746475623972,-0.5384746475623972,-0.5384746475623972,-0.5384746475623972,-0.5384746475623972,-0.5384746475623972,-0.5384746475623972,-0.5384746475623972,-0.5384746475623972,-0.5384746475623972,-0.5384746475623972
-0.53703237397064,-0.53703237397064,-0.53703237397064,-0.53703237397064,-0.53703237397064,-0.53703237397064,-0.53703237397064,-0.53703237397064,-0.53703237397064,-0.53703237397064,-0.53703237397064,-0.53703237397064,-0.53703237397064,-0.53703237397064,-0.53703237397064,-0.53703237397064,-0.53703237397064,-0.53703237397064,-0.53703237397064,-0.53703237397064
-0.5325576340507674,-0.5325576340507674,-0.5325576340507674,-0.5325576340507674,-0.5325576340507674,-0.5325576340507674,-0.5325576340507674,-0.5325576340507674,-0.5325576340507674,-0.5325576340507674,-0.5325576340507674,-0.5325576340507674,-0.5325576340507674,-0.5325576340507674,-0.5325576340507674,-0.5325576340507674,-0.5325576340507674,-0.5325576340507674,-0.5325576340507674,-0.5325576340507674
-0.5249427412768658,-0.5249427412768658,-0.5249427412768658,-0.5249427412768658,-0.5249427412768658,-0.5249427412768658,-0.5249427412768658,-0.5249427412768658,-0.5249427412768658,-0.5249427412768658,-0.5249427412768658,-0.5249427412768658,-0.5249427412768658,-0.5249427412768658,-0.5249427412768658,-0.5249427412768658,-0.5249427412768658,-0.5249427412768658,-0.5249427412768658,-0.5249427412768658
-0.5331444223919111,-0.5331444223919111,-0.5331444223919111,-0.5331444223919111,-0.5331444223919111,-0.5331444223919111,-0.5331444223919111,-0.5331444223919111,-0.5331444223919111,-0.5331444223919111,-0.5331444223919111,-0.5331444223919111,-0.5331444223919111,-0.5331444223919111,-0.5331444223919111,-0.5331444223919111,-0.5331444223919111,-0.5331444223919111,-0.5331444223919111,-0.5331444223919111
-0.4819288985738354,-0.4819288985738354,-0.4819288985738354,-0.4819288985738354,-0.4819288985738354,-0.4819288985738354,-0.4819288985738354,-0.4819288985738354,-0.4819288985738354,-0.4819288985738354,-0.4819288985738354,-0.4819288985738354,-0.4819288985738354,-0.4819288985738354,-0.4819288985738354,-0.4819288985738354,-0.4819288985738354,-0.4819288985738354,-0.4819288985738354,-0.4819288985738354
-0.47645042238602653,-0.47645042238602653,-0.47645042238602653,-0.47645042238602653,-0.47645042238602653,-0.47645042238602653,-0.47645042238602653,-0.47645042238602653,-0.47645042238602653,-0.47645042238602653,-0.47645042238602653,-0.47645042238602653,-0.47645042238602653,-0.47645042238602653,-0.47645042238602653,-0.47645042238602653,-0.47645042238602653,-0.47645042238602653,-0.47645042238602653,-0.47645042238602653
-0.4859670448744215,-0.4859670448744215,-0.4859670448744215,-0.4859670448744215,-0.4859670448744215,-0.4859670448744215,-0.4859670448744215,-0.4859670448744215,-0.4859670448744215,-0.4859670448744215,-0.4859670448744215,-0.4859670448744215,-0.4859670448744215,-0.4859670448744215,-0.4859670448744215,-0.4859670448744215,-0.4859670448744215,-0.4859670448744215,-0.4859670448744215,-0.4859670448744215
-0.43190854771703563,-0.43190854771703563,-0.43190854771703563,-0.43190854771703563,-0.43190854771703563,-0.43190854771703563,-0.43190854771703563,-0.43190854771703563,-0.43190854771703563,-0.43190854771703563,-0.43190854771703563,-0.43190854771703563,-0.43190854771703563,-0.43190854771703563,-0.43190854771703563,-0.43190854771703563,-0.43190854771703563,-0.43190854771703563,-0.43190854771703563,-0.43190854771703563
-0.43084896817242735,-0.43084896817242735,-0.43084896817242735,-0.43084896817242735,-0.43084896817242735,-0.43084896817242735,-0.43084896817242735,-0.43084896817242735,-0.43084896817242735,-0.43084896817242735,-0.43084896817242735,-0.43084896817242735,-0.43084896817242735,-0.43084896817242735,-0.43084896817242735,-0.43084896817242735,-0.43084896817242735,-0.43084896817242735,-0.43084896817242735,-0.43084896817242735
-0.4686354311939392,-0.4686354311939392,-0.4686354311939392,-0.4686354311939392,-0.4686354311939392,-0.4686354311939392,-0.4686354311939392,-0.4686354311939392,-0.4686354311939392,-0.4686354311939392,-0.4686354311939392,-0.4686354311939392,-0.4686354311939392,-0.4686354311939392,-0.4686354311939392,-0.4686354311939392,-0.4686354311939392,-0.4686354311939392,-0.4686354311939392,-0.4686354311939392
-0.37816777657761,-0.37816777657761,-0.37816777657761,-0.37816777657761,-0.37816777657761,-0.37816777657761,-0.37816777657761,-0.37816777657761,-0.37816777657761,-0.37816777657761,-0.37816777657761,-0.37816777657761,-0.37816777657761,-0.37816777657761,-0.37816777657761,-0.37816777657761,-0.37816777657761,-0.37816777657761,-0.37816777657761,-0.37816777657761
-4.54009659728305e-19,-4.54009659728305e-19,-4.54009659728305e-19,-4.54009659728305e-19,-4.54009659728305e-19,-4.54009659728305e-19,-4.54009659728305e-19,-4.54009659728305e-19,-4.54009659728305e-19,-4.54009659728305e-19,-4.54009659728305e-19,-4.54009659728305e-19,-4.54009659728305e-19,-4.54009659728305e-19,-4.54009659728305e-19,-4.54009659728305e-19,-4.54009659728305e-19,-4.54009659728305e-19,-4.54009659728305e-19,-4.54009659728305e-19
-2.9684176137248336e-32,-2.9684176137248336e-32,-2.9684176137248336e-32,-2.9684176137248336e-32,-2.9684176137248336e-32,-2.9684176137248336e-32,-2.9684176137248336e-32,-2.9684176137248336e-32,-2.9684176137248336e-32,-2.9684176137248336e-32,-2.9684176137248336e-32,-2.9684176137248336e-32,-2.9684176137248336e-32,-2.9684176137248336e-32,-2.9684176137248336e-32,-2.9684176137248336e-32,-2.9684176137248336e-32,-2.9684176137248336e-32,-2.9684176137248336e-32,-2.9684176137248336e-32
-5.948855802441088e-32,-5.948855802441088e-32,-5.948855802441088e-32,-5.948855802441088e-32,-5.948855802441088e-32,-5.948855802441088e-32,-5.948855802441088e-32,-5.948855802441088e-32,-5.948855802441088e-32,-5.948855802441088e-32,-5.948855802441088e-32,-5.948855802441088e-32,-5.948855802441088e-32,-5.948855802441088e-32,-5.948855802441088e-32,-5.948855802441088e-32,-5.948855802441088e-32,-5.948855802441088e-32,-5.948855802441088e-32,-5.948855802441088e-32
-3.1061058866792137e-31,-3.1061058866792137e-31,-3.1061058866792137e-31,-3.1061058866792137e-31,-3.1061058866792137e-31,-3.1061058866792137e-31,-3.1061058866792137e-31,-3.1061058866792137e-31,-3.1061058866792137e-31,-3.1061058866792137e-31,-3.1061058866792137e-31,-3.1061058866792137e-31,-3.1061058866792137e-31,-3.1061058866792137e-31,-3.1061058866792137e-31,-3.1061058866792137e-31,-3.1061058866792137e-31,-3.1061058866792137e-31,-3.1061058866792137e-31,-3.1061058866792137e-31
-6.525751916782752e-32,-6.525751916782752e-32,-6.525751916782752e-32,-6.525751916782752e-32,-6.525751916782752e-32,-6.525751916782752e-32,-6.525751916782752e-32,-6.525751916782752e-32,-6.525751916782752e-32,-6.525751916782752e-32,-6.525751916782752e-32,-6.525751916782752e-32,-6.525751916782752e-32,-6.525751916782752e-32,-6.525751916782752e-32,-6.525751916782752e-32,-6.525751916782752e-32,-6.525751916782752e-32,-6.525751916782752e-32,-6.525751916782752e-32
-1.750634723991604e-31,-1.750634723991604e-31,-1.750634723991604e-31,-1.750634723991604e-31,-1.750634723991604e-31,-1.750634723991604e-31,-1.750634723991604e-31,-1.750634723991604e-31,-1.750634723991604e-31,-1.750634723991604e-31,-1.750634723991604e-31,-1.750634723991604e-31,-1.750634723991604e-31,-1.750634723991604e-31,-1.750634723991604e-31,-1.750634723991604e-31,-1.750634723991604e-31,-1.750634723991604e-31,-1.750634723991604e-31,-1.750634723991604e-31
-2.7971124766191824e-32,-2.7971124766191824e-32,-2.7971124766191824e-32,-2.7971124766191824e-32,-2.7971124766191824e-32,-2.7971124766191824e-32,-2.7971124766191824e-32,-2.7971124766191824e-32,-2.7971124766191824e-32,-2.7971124766191824e-32,-2.7971124766191824e-32,-2.7971124766191824e-32,-2.7971124766191824e-32,-2.7971124766191824e-32,-2.7971124766191824e-32,-2.7971124766191824e-32,-2.7971124766191824e-32,-2.7971124766191824e-32,-2.7971124766191824e-32,-2.7971124766191824e-32
-1.4464076553014115e-31,-1.4464076553014115e-31,-1.4464076553014115e-31,-1.4464076553014115e-31,-1.4464076553014115e-31,-1.4464076553014115e-31,-1.4464076553014115e-31,-1.4464076553014115e-31,-1.4464076553014115e-31,-1.4464076553014115e-31,-1.4464076553014115e-31,-1.4464076553014115e-31,-1.4464076553014115e-31,-1.4464076553014115e-31,-1.4464076553014115e-31,-1.4464076553014115e-31,-1.4464076553014115e-31,-1.4464076553014115e-31,-1.4464076553014115e-31,-1.4464076553014115e-31
-4.2189262111284805e-32,-4.2189262111284805e-32,-4.2189262111284805e-32,-4.2189262111284805e-32,-4.2189262111284805e-32,-4.2189262111284805e-32,-4.2189262111284805e-32,-4.2189262111284805e-32,-4.2189262111284805e-32,-4.2189262111284805e-32,-4.2189262111284805e-32,-4.2189262111284805e-32,-4.2189262111284805e-32,-4.2189262111284805e-32,-4.2189262111284805e-32,-4.2189262111284805e-32,-4.2189262111284805e-32,-4.2189262111284805e-32,-4.2189262111284805e-32,-4.2189262111284805e-32
-1.6577063505068724e-32,-1.6577063505068724e-32,-1.6577063505068724e-32,-1.6577063505068724e-32,-1.6577063505068724e-32,-1.6577063505068724e-32,-1.6577063505068724e-32,-1.6577063505068724e-32,-1.6577063505068724e-32,-1.6577063505068724e-32,-1.6577063505068724e-32,-1.6577063505068724e-32,-1.6577063505068724e-32,-1.6577063505068724e-32,-1.6577063505068724e-32,-1.6577063505068724e-32,-1.6577063505068724e-32,-1.6577063505068724e-32,-1.6577063505068724e-32,-1.6577063505068724e-32
-7.514655846293418e-32,-7.514655846293418e-32,-7.514655846293418e-32,-7.514655846293418e-32,-7.514655846293418e-32,-7.514655846293418e-32,-7.514655846293418e-32,-7.514655846293418e-32,-7.514655846293418e-32,-7.514655846293418e-32,-7.514655846293418e-32,-7.514655846293418e-32,-7.514655846293418e-32,-7.514655846293418e-32,-7.514655846293418e-32,-7.514655846293418e-32,-7.514655846293418e-32,-7.514655846293418e-32,-7.514655846293418e-32,-7.514655846293418e-32
-4.000961113745275e-32,-4.000961113745275e-32,-4.000961113745275e-32,-4.000961113745275e-32,-4.000961113745275e-32,-4.000961113745275e-32,-4.000961113745275e-32,-4.000961113745275e-32,-4.000961113745275e-32,-4.000961113745275e-32,-4.000961113745275e-32,-4.000961113745275e-32,-4.000961113745275e-32,-4.000961113745275e-32,-4.000961113745275e-32,-4.000961113745275e-32,-4.000961113745275e-32,-4.000961113745275e-32,-4.000961113745275e-32,-4.000961113745275e-32
-8.583585613618014e-32,-8.583585613618014e-32,-8.583585613618014e-32,-8.583585613618014e-32,-8.583585613618014e-32,-8.583585613618014e-32,-8.583585613618014e-32,-8.583585613618014e-32,-8.583585613618014e-32,-8.583585613618014e-32,-8.583585613618014e-32,-8.583585613618014e-32,-8.583585613618014e-32,-8.583585613618014e-32,-8.583585613618014e-32,-8.583585613618014e-32,-8.583585613618014e-32,-8.583585613618014e-32,-8.583585613618014e-32,-8.583585613618014e-32
-5.291246252070992e-32,-5.291246252070992e-32,-5.291246252070992e-32,-5.291246252070992e-32,-5.291246252070992e-32,-5.291246252070992e-32,-5.291246252070992e-32,-5.291246252070992e-32,-5.291246252070992e-32,-5.291246252070992e-32,-5.291246252070992e-32,-5.291246252070992e-32,-5.291246252070992e-32,-5.291246252070992e-32,-5.291246252070992e-32,-5.291246252070992e-32,-5.291246252070992e-32,-5.291246252070992e-32,-5.291246252070992e-32,-5.291246252070992e-32
-3.28762881863451e-32,-3.28762881863451e-32,-3.28762881863451e-32,-3.28762881863451e-32,-3.28762881863451e-32,-3.28762881863451e-32,-3.28762881863451e-32,-3.28762881863451e-32,-3.28762881863451e-32,-3.28762881863451e-32,-3.28762881863451e-32,-3.28762881863451e-32,-3.28762881863451e-32,-3.28762881863451e-32,-3.28762881863451e-32,-3.28762881863451e-32,-3.28762881863451e-32,-3.28762881863451e-32,-3.28762881863451e-32,-3.28762881863451e-32
-1.8196554724277107e-32,-1.8196554724277107e-32,-1.8196554724277107e-32,-1.8196554724277107e-32,-1.8196554724277107e-32,-1.8196554724277107e-32,-1.8196554724277107e-32,-1.8196554724277107e-32,-1.8196554724277107e-32,-1.8196554724277107e-32,-1.8196554724277107e-32,-1.8196554724277107e-32,-1.8196554724277107e-32,-1.8196554724277107e-32,-1.8196554724277107e-32,-1.8196554724277107e-32,-1.8196554724277107e-32,-1.8196554724277107e-32,-1.8196554724277107e-32,-1.8196554724277107e-32
-1.0475062204967014e-31,-1.0475062204967014e-31,-1.0475062204967014e-31,-1.0475062204967014e-31,-1.0475062204967014e-31,-1.0475062204967014e-31,-1.0475062204967014e-31,-1.0475062204967014e-31,-1.0475062204967014e-31,-1.0475062204967014e-31,-1.0475062204967014e-31,-1.0475062204967014e-31,-1.0475062204967014e-31,-1.0475062204967014e-31,-1.0475062204967014e-31,-1.0475062204967014e-31,-1.0475062204967014e-31,-1.0475062204967014e-31,-1.0475062204967014e-31,-1.0475062204967014e-31
-1.1079396362396728e-31,-1.1079396362396728e-31,-1.1079396362396728e-31,-1.1079396362396728e-31,-1.1079396362396728e-31,-1.1079396362396728e-31,-1.1079396362396728e-31,-1.1079396362396728e-31,-1.1079396362396728e-31,-1.1079396362396728e-31,-1.1079396362396728e-31,-1.1079396362396728e-31,-1.1079396362396728e-31,-1.1079396362396728e-31,-1.1079396362396728e-31,-1.1079396362396728e-31,-1.1079396362396728e-31,-1.1079396362396728e-31,-1.1079396362396728e-31,-1.1079396362396728e-31
-1.7546279832528878e-32,-1.7546279832528878e-32,-1.7546279832528878e-32,-1.7546279832528878e-32,-1.7546279832528878e-32,-1.7546279832528878e-32,-1.7546279832528878e-32,-1.7546279832528878e-32,-1.7546279832528878e-32,-1.7546279832528878e-32,-1.7546279832528878e-32,-1.7546279832528878e-32,-1.7546279832528878e-32,-1.7546279832528878e-32,-1.7546279832528878e-32,-1.7546279832528878e-32,-1.7546279832528878e-32,-1.7546279832528878e-32,-1.7546279832528878e-32,-1.7546279832528878e-32
-2.1385793386675063e-32,-2.1385793386675063e-32,-2.1385793386675063e-32,-2.1385793386675063e-32,-2.1385793386675063e-32,-2.1385793386675063e-32,-2.1385793386675063e-32,-2.1385793386675063e-32,-2.1385793386675063e-32,-2.1385793386675063e-32,-2.1385793386675063e-32,-2.1385793386675063e-32,-2.1385793386675063e-32,-2.1385793386675063e-32,-2.1385793386675063e-32,-2.1385793386675063e-32,-2.1385793386675063e-32,-2.1385793386675063e-32,-2.1385793386675063e-32,-2.1385793386675063e-32
-2.770865117162139e-32,-2.770865117162139e-32,-2.770865117162139e-32,-2.770865117162139e-32,-2.770865117162139e-32,-2.770865117162139e-32,-2.770865117162139e-32,-2.770865117162139e-32,-2.770865117162139e-32,-2.770865117162139e-32,-2.770865117162139e-32,-2.770865117162139e-32,-2.770865117162139e-32,-2.770865117162139e-32,-2.770865117162139e-32,-2.770865117162139e-32,-2.770865117162139e-32,-2.770865117162139e-32,-2.770865117162139e-32,-2.770865117162139e-32
-1.903277388326457e-32,-1.903277388326457e-32,-1.903277388326457e-32,-1.903277388326457e-32,-1.903277388326457e-32,-1.903277388326457e-32,-1.903277388326457e-32,-1.903277388326457e-32,-1.903277388326457e-32,-1.903277388326457e-32,-1.903277388326457e-32,-1.903277388326457e-32,-1.903277388326457e-32,-1.903277388326457e-32,-1.903277388326457e-32,-1.903277388326457e-32,-1.903277388326457e-32,-1.903277388326457e-32,-1.903277388326457e-32,-1.903277388326457e-32
-5.676341584645549e-32,-5.676341584645549e-32,-5.676341584645549e-32,-5.676341584645549e-32,-5.676341584645549e-32,-5.676341584645549e-32,-5.676341584645549e-32,-5.676341584645549e-32,-5.676341584645549e-32,-5.676341584645549e-32,-5.676341584645549e-32,-5.676341584645549e-32,-5.676341584645549e-32,-5.676341584645549e-32,-5.676341584645549e-32,-5.676341584645549e-32,-5.676341584645549e-32,-5.676341584645549e-32,-5.676341584645549e-32,-5.676341584645549e-32
-6.089636240392218e-32,-6.089636240392218e-32,-6.089636240392218e-32,-6.089636240392218e-32,-6.089636240392218e-32,-6.089636240392218e-32,-6.089636240392218e-32,-6.089636240392218e-32,-6.089636240392218e-32,-6.089636240392218e-32,-6.089636240392218e-32,-6.089636240392218e-32,-6.089636240392218e-32,-6.089636240392218e-32,-6.089636240392218e-32,-6.089636240392218e-32,-6.089636240392218e-32,-6.089636240392218e-32,-6.089636240392218e-32,-6.089636240392218e-32
-2.0637011998481406e-32,-2.0637011998481406e-32,-2.0637011998481406e-32,-2.0637011998481406e-32,-2.0637011998481406e-32,-2.0637011998481406e-32,-2.0637011998481406e-32,-2.0637011998481406e-32,-2.0637011998481406e-32,-2.0637011998481406e-32,-2.0637011998481406e-32,-2.0637011998481406e-32,-2.0637011998481406e-32,-2.0637011998481406e-32,-2.0637011998481406e-32,-2.0637011998481406e-32,-2.0637011998481406e-32,-2.0637011998481406e-32,-2.0637011998481406e-32,-2.0637011998481406e-32
-3.7152963476142526e-32,-3.7152963476142526e-32,-3.7152963476142526e-32,-3.7152963476142526e-32,-3.7152963476142526e-32,-3.7152963476142526e-32,-3.7152963476142526e-32,-3.7152963476142526e-32,-3.7152963476142526e-32,-3.7152963476142526e-32,-3.7152963476142526e-32,-3.7152963476142526e-32,-3.7152963476142526e-32,-3.7152963476142526e-32,-3.7152963476142526e-32,-3.7152963476142526e-32,-3.7152963476142526e-32,-3.7152963476142526e-32,-3.7152963476142526e-32,-3.7152963476142526e-32
-6.646142480498691e-32,-6.646142480498691e-32,-6.646142480498691e-32,-6.646142480498691e-32,-6.646142480498691e-32,-6.646142480498691e-32,-6.646142480498691e-32,-6.646142480498691e-32,-6.646142480498691e-32,-6.646142480498691e-32,-6.646142480498691e-32,-6.646142480498691e-32,-6.646142480498691e-32,-6.646142480498691e-32,-6.646142480498691e-32,-6.646142480498691e-32,-6.646142480498691e-32,-6.646142480498691e-32,-6.646142480498691e-32,-6.646142480498691e-32
-1.7312546268701275e-32,-1.7312546268701275e-32,-1.7312546268701275e-32,-1.7312546268701275e-32,-1.7312546268701275e-32,-1.7312546268701275e-32,-1.7312546268701275e-32,-1.7312546268701275e-32,-1.7312546268701275e-32,-1.7312546268701275e-32,-1.7312546268701275e-32,-1.7312546268701275e-32,-1.7312546268701275e-32,-1.7312546268701275e-32,-1.7312546268701275e-32,-1.7312546268701275e-32,-1.7312546268701275e-32,-1.7312546268701275e-32,-1.7312546268701275e-32,-1.7312546268701275e-32
-4.9080816916313406e-32,-4.9080816916313406e-32,-4.9080816916313406e-32,-4.9080816916313406e-32,-4.9080816916313406e-32,-4.9080816916313406e-32,-4.9080816916313406e-32,-4.9080816916313406e-32,-4.9080816916313406e-32,-4.9080816916313406e-32,-4.9080816916313406e-32,-4.9080816916313406e-32,-4.9080816916313406e-32,-4.9080816916313406e-32,-4.9080816916313406e-32,-4.9080816916313406e-32,-4.9080816916313406e-32,-4.9080816916313406e-32,-4.9080816916313406e-32,-4.9080816916313406e-32
-9.729637977228456e-32,-9.729637977228456e-32,-9.729637977228456e-32,-9.729637977228456e-32,-9.729637977228456e-32,-9.729637977228456e-32,-9.729637977228456e-32,-9.729637977228456e-32,-9.729637977228456e-32,-9.729637977228456e-32,-9.729637977228456e-32,-9.729637977228456e-32,-9.729637977228456e-32,-9.729637977228456e-32,-9.729637977228456e-32,-9.729637977228456e-32,-9.729637977228456e-32,-9.729637977228456e-32,-9.729637977228456e-32,-9.729637977228456e-32
-1.9835107010281914e-32,-1.9835107010281914e-32,-1.9835107010281914e-32,-1.9835107010281914e-32,-1.9835107010281914e-32,-1.9835107010281914e-32,-1.9835107010281914e-32,-1.9835107010281914e-32,-1.9835107010281914e-32,-1.9835107010281914e-32,-1.9835107010281914e-32,-1.9835107010281914e-32,-1.9835107010281914e-32,-1.9835107010281914e-32,-1.9835107010281914e-32,-1.9835107010281914e-32,-1.9835107010281914e-32,-1.9835107010281914e-32,-1.9835107010281914e-32,-1.9835107010281914e-32
-1.271601314498953e-32,-1.271601314498953e-32,-1.271601314498953e-32,-1.271601314498953e-32,-1.271601314498953e-32,-1.271601314498953e-32,-1.271601314498953e-32,-1.271601314498953e-32,-1.271601314498953e-32,-1.271601314498953e-32,-1.271601314498953e-32,-1.271601314498953e-32,-1.271601314498953e-32,-1.271601314498953e-32,-1.271601314498953e-32,-1.271601314498953e-32,-1.271601314498953e-32,-1.271601314498953e-32,-1.271601314498953e-32,-1.271601314498953e-32
-3.486356365565943e-32,-3.486356365565943e-32,-3.486356365565943e-32,-3.486356365565943e-32,-3.486356365565943e-32,-3.486356365565943e-32,-3.486356365565943e-32,-3.486356365565943e-32,-3.486356365565943e-32,-3.486356365565943e-32,-3.486356365565943e-32,-3.486356365565943e-32,-3.486356365565943e-32,-3.486356365565943e-32,-3.486356365565943e-32,-3.486356365565943e-32,-3.486356365565943e-32,-3.486356365565943e-32,-3.486356365565943e-32,-3.486356365565943e-32
-1.9513797797543456e-32,-1.9513797797543456e-32,-1.9513797797543456e-32,-1.9513797797543456e-32,-1.9513797797543456e-32,-1.9513797797543456e-32,-1.9513797797543456e-32,-1.9513797797543456e-32,-1.9513797797543456e-32,-1.9513797797543456e-32,-1.9513797797543456e-32,-1.9513797797543456e-32,-1.9513797797543456e-32,-1.9513797797543456e-32,-1.9513797797543456e-32,-1.9513797797543456e-32,-1.9513797797543456e-32,-1.9513797797543456e-32,-1.9513797797543456e-32,-1.9513797797543456e-32
-5.709593032762629e-32,-5.709593032762629e-32,-5.709593032762629e-32,-5.709593032762629e-32,-5.709593032762629e-32,-5.709593032762629e-32,-5.709593032762629e-32,-5.709593032762629e-32,-5.709593032762629e-32,-5.709593032762629e-32,-5.709593032762629e-32,-5.709593032762629e-32,-5.709593032762629e-32,-5.709593032762629e-32,-5.709593032762629e-32,-5.709593032762629e-32,-5.709593032762629e-32,-5.709593032762629e-32,-5.709593032762629e-32,-5.709593032762629e-32
-1.729062333763645e-32,-1.729062333763645e-32,-1.729062333763645e-32,-1.729062333763645e-32,-1.729062333763645e-32,-1.729062333763645e-32,-1.729062333763645e-32,-1.729062333763645e-32,-1.729062333763645e-32,-1.729062333763645e-32,-1.729062333763645e-32,-1.729062333763645e-32,-1.729062333763645e-32,-1.729062333763645e-32,-1.729062333763645e-32,-1.729062333763645e-32,-1.729062333763645e-32,-1.729062333763645e-32,-1.729062333763645e-32,-1.729062333763645e-32
-3.555938868197735e-32,-3.555938868197735e-32,-3.555938868197735e-32,-3.555938868197735e-32,-3.555938868197735e-32,-3.555938868197735e-32,-3.555938868197735e-32,-3.555938868197735e-32,-3.555938868197735e-32,-3.555938868197735e-32,-3.555938868197735e-32,-3.555938868197735e-32,-3.555938868197735e-32,-3.555938868197735e-32,-3.555938868197735e-32,-3.555938868197735e-32,-3.555938868197735e-32,-3.555938868197735e-32,-3.555938868197735e-32,-3.555938868197735e-32
-2.055819360010033e-32,-2.055819360010033e-32,-2.055819360010033e-32,-2.055819360010033e-32,-2.055819360010033e-32,-2.055819360010033e-32,-2.055819360010033e-32,-2.055819360010033e-32,-2.055819360010033e-32,-2.055819360010033e-32,-2.055819360010033e-32,-2.055819360010033e-32,-2.055819360010033e-32,-2.055819360010033e-32,-2.055819360010033e-32,-2.055819360010033e-32,-2.055819360010033e-32,-2.055819360010033e-32,-2.055819360010033e-32,-2.055819360010033e-32
-1.3646553686036015e-32,-1.3646553686036015e-32,-1.3646553686036015e-32,-1.3646553686036015e-32,-1.3646553686036015e-32,-1.3646553686036015e-32,-1.3646553686036015e-32,-1.3646553686036015e-32,-1.3646553686036015e-32,-1.3646553686036015e-32,-1.3646553686036015e-32,-1.3646553686036015e-32,-1.3646553686036015e-32,-1.3646553686036015e-32,-1.3646553686036015e-32,-1.3646553686036015e-32,-1.3646553686036015e-32,-1.3646553686036015e-32,-1.3646553686036015e-32,-1.3646553686036015e-32
-2.5926169740610065e-32,-2.5926169740610065e-32,-2.5926169740610065e-32,-2.5926169740610065e-32,-2.5926169740610065e-32,-2.5926169740610065e-32,-2.5926169740610065e-32,-2.5926169740610065e-32,-2.5926169740610065e-32,-2.5926169740610065e-32,-2.5926169740610065e-32,-2.5926169740610065e-32,-2.5926169740610065e-32,-2.5926169740610065e-32,-2.5926169740610065e-32,-2.5926169740610065e-32,-2.5926169740610065e-32,-2.5926169740610065e-32,-2.5926169740610065e-32,-2.5926169740610065e-32
-1.5345116535907836e-32,-1.5345116535907836e-32,-1.5345116535907836e-32,-1.5345116535907836e-32,-1.5345116535907836e-32,-1.5345116535907836e-32,-1.5345116535907836e-32,-1.5345116535907836e-32,-1.5345116535907836e-32,-1.5345116535907836e-32,-1.5345116535907836e-32,-1.5345116535907836e-32,-1.5345116535907836e-32,-1.5345116535907836e-32,-1.5345116535907836e-32,-1.5345116535907836e-32,-1.5345116535907836e-32,-1.5345116535907836e-32,-1.5345116535907836e-32,-1.5345116535907836e-32
-1.4595143257618135e-32,-1.4595143257618135e-32,-1.4595143257618135e-32,-1.4595143257618135e-32,-1.4595143257618135e-32,-1.4595143257618135e-32,-1.4595143257618135e-32,-1.4595143257618135e-32,-1.4595143257618135e-32,-1.4595143257618135e-32,-1.4595143257618135e-32,-1.4595143257618135e-32,-1.4595143257618135e-32,-1.4595143257618135e-32,-1.4595143257618135e-32,-1.4595143257618135e-32,-1.4595143257618135e-32,-1.4595143257618135e-32,-1.4595143257618135e-32,-1.4595143257618135e-32
-1.6640335372037493e-32,-1.6640335372037493e-32,-1.6640335372037493e-32,-1.6640335372037493e-32,-1.6640335372037493e-32,-1.6640335372037493e-32,-1.6640335372037493e-32,-1.6640335372037493e-32,-1.6640335372037493e-32,-1.6640335372037493e-32,-1.6640335372037493e-32,-1.6640335372037493e-32,-1.6640335372037493e-32,-1.6640335372037493e-32,-1.6640335372037493e-32,-1.6640335372037493e-32,-1.6640335372037493e-32,-1.6640335372037493e-32,-1.6640335372037493e-32,-1.6640335372037493e-32
-1.6682598764684774e-32,-1.6682598764684774e-32,-1.6682598764684774e-32,-1.6682598764684774e-32,-1.6682598764684774e-32,-1.6682598764684774e-32,-1.6682598764684774e-32,-1.6682598764684774e-32,-1.6682598764684774e-32,-1.6682598764684774e-32,-1.6682598764684774e-32,-1.6682598764684774e-32,-1.6682598764684774e-32,-1.6682598764684774e-32,-1.6682598764684774e-32,-1.6682598764684774e-32,-1.6682598764684774e-32,-1.6682598764684774e-32,-1.6682598764684774e-32,-1.6682598764684774e-32
-1.0049501631625137e-31,-1.0049501631625137e-31,-1.0049501631625137e-31,-1.0049501631625137e-31,-1.0049501631625137e-31,-1.0049501631625137e-31,-1.0049501631625137e-31,-1.0049501631625137e-31,-1.0049501631625137e-31,-1.0049501631625137e-31,-1.0049501631625137e-31,-1.0049501631625137e-31,-1.0049501631625137e-31,-1.0049501631625137e-31,-1.0049501631625137e-31,-1.0049501631625137e-31,-1.0049501631625137e-31,-1.0049501631625137e-31,-1.0049501631625137e-31,-1.0049501631625137e-31
-1.640253285374863e-32,-1.640253285374863e-32,-1.640253285374863e-32,-1.640253285374863e-32,-1.640253285374863e-32,-1.640253285374863e-32,-1.640253285374863e-32,-1.640253285374863e-32,-1.640253285374863e-32,-1.640253285374863e-32,-1.640253285374863e-32,-1.640253285374863e-32,-1.640253285374863e-32,-1.640253285374863e-32,-1.640253285374863e-32,-1.640253285374863e-32,-1.640253285374863e-32,-1.640253285374863e-32,-1.640253285374863e-32,-1.640253285374863e-32
-2.891959188310235e-32,-2.891959188310235e-32,-2.891959188310235e-32,-2.891959188310235e-32,-2.891959188310235e-32,-2.891959188310235e-32,-2.891959188310235e-32,-2.891959188310235e-32,-2.891959188310235e-32,-2.891959188310235e-32,-2.891959188310235e-32,-2.891959188310235e-32,-2.891959188310235e-32,-2.891959188310235e-32,-2.891959188310235e-32,-2.891959188310235e-32,-2.891959188310235e-32,-2.891959188310235e-32,-2.891959188310235e-32,-2.891959188310235e-32
-2.4318414121211693e-32,-2.4318414121211693e-32,-2.4318414121211693e-32,-2.4318414121211693e-32,-2.4318414121211693e-32,-2.4318414121211693e-32,-2.4318414121211693e-32,-2.4318414121211693e-32,-2.4318414121211693e-32,-2.4318414121211693e-32,-2.4318414121211693e-32,-2.4318414121211693e-32,-2.4318414121211693e-32,-2.4318414121211693e-32,-2.4318414121211693e-32,-2.4318414121211693e-32,-2.4318414121211693e-32,-2.4318414121211693e-32,-2.4318414121211693e-32,-2.4318414121211693e-32
-2.3575682147783848e-32,-2.3575682147783848e-32,-2.3575682147783848e-32,-2.3575682147783848e-32,-2.3575682147783848e-32,-2.3575682147783848e-32,-2.3575682147783848e-32,-2.3575682147783848e-32,-2.3575682147783848e-32,-2.3575682147783848e-32,-2.3575682147783848e-32,-2.3575682147783848e-32,-2.3575682147783848e-32,-2.3575682147783848e-32,-2.3575682147783848e-32,-2.3575682147783848e-32,-2.3575682147783848e-32,-2.3575682147783848e-32,-2.3575682147783848e-32,-2.3575682147783848e-32
-2.700446722132953e-32,-2.700446722132953e-32,-2.700446722132953e-32,-2.700446722132953e-32,-2.700446722132953e-32,-2.700446722132953e-32,-2.700446722132953e-32,-2.700446722132953e-32,-2.700446722132953e-32,-2.700446722132953e-32,-2.700446722132953e-32,-2.700446722132953e-32,-2.700446722132953e-32,-2.700446722132953e-32,-2.700446722132953e-32,-2.700446722132953e-32,-2.700446722132953e-32,-2.700446722132953e-32,-2.700446722132953e-32,-2.700446722132953e-32
-2.2416736534628925e-32,-2.2416736534628925e-32,-2.2416736534628925e-32,-2.2416736534628925e-32,-2.2416736534628925e-32,-2.2416736534628925e-32,-2.2416736534628925e-32,-2.2416736534628925e-32,-2.2416736534628925e-32,-2.2416736534628925e-32,-2.2416736534628925e-32,-2.2416736534628925e-32,-2.2416736534628925e-32,-2.2416736534628925e-32,-2.2416736534628925e-32,-2.2416736534628925e-32,-2.2416736534628925e-32,-2.2416736534628925e-32,-2.2416736534628925e-32,-2.2416736534628925e-32
-4.7312434703640856e-32,-4.7312434703640856e-32,-4.7312434703640856e-32,-4.7312434703640856e-32,-4.7312434703640856e-32,-4.7312434703640856e-32,-4.7312434703640856e-32,-4.7312434703640856e-32,-4.7312434703640856e-32,-4.7312434703640856e-32,-4.7312434703640856e-32,-4.7312434703640856e-32,-4.7312434703640856e-32,-4.7312434703640856e-32,-4.7312434703640856e-32,-4.7312434703640856e-32,-4.7312434703640856e-32,-4.7312434703640856e-32,-4.7312434703640856e-32,-4.7312434703640856e-32
-2.0278814040719565e-32,-2.0278814040719565e-32,-2.0278814040719565e-32,-2.0278814040719565e-32,-2.0278814040719565e-32,-2.0278814040719565e-32,-2.0278814040719565e-32,-2.0278814040719565e-32,-2.0278814040719565e-32,-2.0278814040719565e-32,-2.0278814040719565e-32,-2.0278814040719565e-32,-2.0278814040719565e-32,-2.0278814040719565e-32,-2.0278814040719565e-32,-2.0278814040719565e-32,-2.0278814040719565e-32,-2.0278814040719565e-32,-2.0278814040719565e-32,-2.0278814040719565e-32
-2.9559706468707885e-32,-2.9559706468707885e-32,-2.9559706468707885e-32,-2.9559706468707885e-32,-2.9559706468707885e-32,-2.9559706468707885e-32,-2.9559706468707885e-32,-2.9559706468707885e-32,-2.9559706468707885e-32,-2.9559706468707885e-32,-2.9559706468707885e-32,-2.9559706468707885e-32,-2.9559706468707885e-32,-2.9559706468707885e-32,-2.9559706468707885e-32,-2.9559706468707885e-32,-2.9559706468707885e-32,-2.9559706468707885e-32,-2.9559706468707885e-32,-2.9559706468707885e-32
-3.9311282475517505e-32,-3.9311282475517505e-32,-3.9311282475517505e-32,-3.9311282475517505e-32,-3.9311282475517505e-32,-3.9311282475517505e-32,-3.9311282475517505e-32,-3.9311282475517505e-32,-3.9311282475517505e-32,-3.9311282475517505e-32,-3.9311282475517505e-32,-3.9311282475517505e-32,-3.9311282475517505e-32,-3.9311282475517505e-32,-3.9311282475517505e-32,-3.9311282475517505e-32,-3.9311282475517505e-32,-3.9311282475517505e-32,-3.9311282475517505e-32,-3.9311282475517505e-32
-8.241691693157444e-32,-8.241691693157444e-32,-8.241691693157444e-32,-8.241691693157444e-32,-8.241691693157444e-32,-8.241691693157444e-32,-8.241691693157444e-32,-8.241691693157444e-32,-8.241691693157444e-32,-8.241691693157444e-32,-8.241691693157444e-32,-8.241691693157444e-32,-8.241691693157444e-32,-8.241691693157444e-32,-8.241691693157444e-32,-8.241691693157444e-32,-8.241691693157444e-32,-8.241691693157444e-32,-8.241691693157444e-32,-8.241691693157444e-32
-3.47052089512387e-32,-3.47052089512387e-32,-3.47052089512387e-32,-3.47052089512387e-32,-3.47052089512387e-32,-3.47052089512387e-32,-3.47052089512387e-32,-3.47052089512387e-32,-3.47052089512387e-32,-3.47052089512387e-32,-3.47052089512387e-32,-3.47052089512387e-32,-3.47052089512387e-32,-3.47052089512387e-32,-3.47052089512387e-32,-3.47052089512387e-32,-3.47052089512387e-32,-3.47052089512387e-32,-3.47052089512387e-32,-3.47052089512387e-32
-1.7971872967090427e-32,-1.7971872967090427e-32,-1.7971872967090427e-32,-1.7971872967090427e-32,-1.7971872967090427e-32,-1.7971872967090427e-32,-1.7971872967090427e-32,-1.7971872967090427e-32,-1.7971872967090427e-32,-1.7971872967090427e-32,-1.7971872967090427e-32,-1.7971872967090427e-32,-1.7971872967090427e-32,-1.7971872967090427e-32,-1.7971872967090427e-32,-1.7971872967090427e-32,-1.7971872967090427e-32,-1.7971872967090427e-32,-1.7971872967090427e-32,-1.7971872967090427e-32
-1.689102823315764e-32,-1.689102823315764e-32,-1.689102823315764e-32,-1.689102823315764e-32,-1.689102823315764e-32,-1.689102823315764e-32,-1.689102823315764e-32,-1.689102823315764e-32,-1.689102823315764e-32,-1.689102823315764e-32,-1.689102823315764e-32,-1.689102823315764e-32,-1.689102823315764e-32,-1.689102823315764e-32,-1.689102823315764e-32,-1.689102823315764e-32,-1.689102823315764e-32,-1.689102823315764e-32,-1.689102823315764e-32,-1.689102823315764e-32
-1.5255962113025433e-32,-1.5255962113025433e-32,-1.5255962113025433e-32,-1.5255962113025433e-32,-1.5255962113025433e-32,-1.5255962113025433e-32,-1.5255962113025433e-32,-1.5255962113025433e-32,-1.5255962113025433e-32,-1.5255962113025433e-32,-1.5255962113025433e-32,-1.5255962113025433e-32,-1.5255962113025433e-32,-1.5255962113025433e-32,-1.5255962113025433e-32,-1.5255962113025433e-32,-1.5255962113025433e-32,-1.5255962113025433e-32,-1.5255962113025433e-32,-1.5255962113025433e-32
-3.764664804920689e-32,-3.764664804920689e-32,-3.764664804920689e-32,-3.764664804920689e-32,-3.764664804920689e-32,-3.764664804920689e-32,-3.764664804920689e-32,-3.764664804920689e-32,-3.764664804920689e-32,-3.764664804920689e-32,-3.764664804920689e-32,-3.764664804920689e-32,-3.764664804920689e-32,-3.764664804920689e-32,-3.764664804920689e-32,-3.764664804920689e-32,-3.764664804920689e-32,-3.764664804920689e-32,-3.764664804920689e-32,-3.764664804920689e-32
-1.9389149434764654e-32,-1.9389149434764654e-32,-1.9389149434764654e-32,-1.9389149434764654e-32,-1.9389149434764654e-32,-1.9389149434764654e-32,-1.9389149434764654e-32,-1.9389149434764654e-32,-1.9389149434764654e-32,-1.9389149434764654e-32,-1.9389149434764654e-32,-1.9389149434764654e-32,-1.9389149434764654e-32,-1.9389149434764654e-32,-1.9389149434764654e-32,-1.9389149434764654e-32,-1.9389149434764654e-32,-1.9389149434764654e-32,-1.9389149434764654e-32,-1.9389149434764654e-32
-3.9370528620644407e-32,-3.9370528620644407e-32,-3.9370528620644407e-32,-3.9370528620644407e-32,-3.9370528620644407e-32,-3.9370528620644407e-32,-3.9370528620644407e-32,-3.9370528620644407e-32,-3.9370528620644407e-32,-3.9370528620644407e-32,-3.9370528620644407e-32,-3.9370528620644407e-32,-3.9370528620644407e-32,-3.9370528620644407e-32,-3.9370528620644407e-32,-3.9370528620644407e-32,-3.9370528620644407e-32,-3.9370528620644407e-32,-3.9370528620644407e-32,-3.9370528620644407e-32
-1.8285886325976265e-32,-1.8285886325976265e-32,-1.8285886325976265e-32,-1.8285886325976265e-32,-1.8285886325976265e-32,-1.8285886325976265e-32,-1.8285886325976265e-32,-1.8285886325976265e-32,-1.8285886325976265e-32,-1.8285886325976265e-32,-1.8285886325976265e-32,-1.8285886325976265e-32,-1.8285886325976265e-32,-1.8285886325976265e-32,-1.8285886325976265e-32,-1.8285886325976265e-32,-1.8285886325976265e-32,-1.8285886325976265e-32,-1.8285886325976265e-32,-1.8285886325976265e-32
-3.3361992785550104e-32,-3.3361992785550104e-32,-3.3361992785550104e-32,-3.3361992785550104e-32,-3.3361992785550104e-32,-3.3361992785550104e-32,-3.3361992785550104e-32,-3.3361992785550104e-32,-3.3361992785550104e-32,-3.3361992785550104e-32,-3.3361992785550104e-32,-3.3361992785550104e-32,-3.3361992785550104e-32,-3.3361992785550104e-32,-3.3361992785550104e-32,-3.3361992785550104e-32,-3.3361992785550104e-32,-3.3361992785550104e-32,-3.3361992785550104e-32,-3.3361992785550104e-32
-2.484282753270028e-32,-2.484282753270028e-32,-2.484282753270028e-32,-2.484282753270028e-32,-2.484282753270028e-32,-2.484282753270028e-32,-2.484282753270028e-32,-2.484282753270028e-32,-2.484282753270028e-32,-2.484282753270028e-32,-2.484282753270028e-32,-2.484282753270028e-32,-2.484282753270028e-32,-2.484282753270028e-32,-2.484282753270028e-32,-2.484282753270028e-32,-2.484282753270028e-32,-2.484282753270028e-32,-2.484282753270028e-32,-2.484282753270028e-32
-2.1458247222047292e-32,-2.1458247222047292e-32,-2.1458247222047292e-32,-2.1458247222047292e-32,-2.1458247222047292e-32,-2.1458247222047292e-32,-2.1458247222047292e-32,-2.1458247222047292e-32,-2.1458247222047292e-32,-2.1458247222047292e-32,-2.1458247222047292e-32,-2.1458247222047292e-32,-2.1458247222047292e-32,-2.1458247222047292e-32,-2.1458247222047292e-32,-2.1458247222047292e-32,-2.1458247222047292e-32,-2.1458247222047292e-32,-2.1458247222047292e-32,-2.1458247222047292e-32
-1.1692365567063648e-32,-1.1692365567063648e-32,-1.1692365567063648e-32,-1.1692365567063648e-32,-1.1692365567063648e-32,-1.1692365567063648e-32,-1.1692365567063648e-32,-1.1692365567063648e-32,-1.1692365567063648e-32,-1.1692365567063648e-32,-1.1692365567063648e-32,-1.1692365567063648e-32,-1.1692365567063648e-32,-1.1692365567063648e-32,-1.1692365567063648e-32,-1.1692365567063648e-32,-1.1692365567063648e-32,-1.1692365567063648e-32,-1.1692365567063648e-32,-1.1692365567063648e-32
-2.3102592182585162e-32,-2.3102592182585162e-32,-2.3102592182585162e-32,-2.3102592182585162e-32,-2.3102592182585162e-32,-2.3102592182585162e-32,-2.3102592182585162e-32,-2.3102592182585162e-32,-2.3102592182585162e-32,-2.3102592182585162e-32,-2.3102592182585162e-32,-2.3102592182585162e-32,-2.3102592182585162e-32,-2.3102592182585162e-32,-2.3102592182585162e-32,-2.3102592182585162e-32,-2.3102592182585162e-32,-2.3102592182585162e-32,-2.3102592182585162e-32,-2.3102592182585162e-32
-1.343511039090313e-32,-1.343511039090313e-32,-1.343511039090313e-32,-1.343511039090313e-32,-1.343511039090313e-32,-1.343511039090313e-32,-1.343511039090313e-32,-1.343511039090313e-32,-1.343511039090313e-32,-1.343511039090313e-32,-1.343511039090313e-32,-1.343511039090313e-32,-1.343511039090313e-32,-1.343511039090313e-32,-1.343511039090313e-32,-1.343511039090313e-32,-1.343511039090313e-32,-1.343511039090313e-32,-1.343511039090313e-32,-1.343511039090313e-32
-1.8816029225001864e-32,-1.8816029225001864e-32,-1.8816029225001864e-32,-1.8816029225001864e-32,-1.8816029225001864e-32,-1.8816029225001864e-32,-1.8816029225001864e-32,-1.8816029225001864e-32,-1.8816029225001864e-32,-1.8816029225001864e-32,-1.8816029225001864e-32,-1.8816029225001864e-32,-1.8816029225001864e-32,-1.8816029225001864e-32,-1.8816029225001864e-32,-1.8816029225001864e-32,-1.8816029225001864e-32,-1.8816029225001864e-32,-1.8816029225001864e-32,-1.8816029225001864e-32
-3.2218311728476934e-32,-3.2218311728476934e-32,-3.2218311728476934e-32,-3.2218311728476934e-32,-3.2218311728476934e-32,-3.2218311728476934e-32,-3.2218311728476934e-32,-3.2218311728476934e-32,-3.2218311728476934e-32,-3.2218311728476934e-32,-3.2218311728476934e-32,-3.2218311728476934e-32,-3.2218311728476934e-32,-3.2218311728476934e-32,-3.2218311728476934e-32,-3.2218311728476934e-32,-3.2218311728476934e-32,-3.2218311728476934e-32,-3.2218311728476934e-32,-3.2218311728476934e-32
-2.3351397719207839e-32,-2.3351397719207839e-32,-2.3351397719207839e-32,-2.3351397719207839e-32,-2.3351397719207839e-32,-2.3351397719207839e-32,-2.3351397719207839e-32,-2.3351397719207839e-32,-2.3351397719207839e-32,-2.3351397719207839e-32,-2.3351397719207839e-32,-2.3351397719207839e-32,-2.3351397719207839e-32,-2.3351397719207839e-32,-2.3351397719207839e-32,-2.3351397719207839e-32,-2.3351397719207839e-32,-2.3351397719207839e-32,-2.3351397719207839e-32,-2.3351397719207839e-32
-1.5816957089626498e-32,-1.5816957089626498e-32,-1.5816957089626498e-32,-1.5816957089626498e-32,-1.5816957089626498e-32,-1.5816957089626498e-32,-1.5816957089626498e-32,-1.5816957089626498e-32,-1.5816957089626498e-32,-1.5816957089626498e-32,-1.5816957089626498e-32,-1.5816957089626498e-32,-1.5816957089626498e-32,-1.5816957089626498e-32,-1.5816957089626498e-32,-1.5816957089626498e-32,-1.5816957089626498e-32,-1.5816957089626498e-32,-1.5816957089626498e-32,-1.5816957089626498e-32
-1.1825920228822329e-32,-1.1825920228822329e-32,-1.1825920228822329e-32,-1.1825920228822329e-32,-1.1825920228822329e-32,-1.1825920228822329e-32,-1.1825920228822329e-32,-1.1825920228822329e-32,-1.1825920228822329e-32,-1.1825920228822329e-32,-1.1825920228822329e-32,-1.1825920228822329e-32,-1.1825920228822329e-32,-1.1825920228822329e-32,-1.1825920228822329e-32,-1.1825920228822329e-32,-1.1825920228822329e-32,-1.1825920228822329e-32,-1.1825920228822329e-32,-1.1825920228822329e-32
-3.1879211384204464e-32,-3.1879211384204464e-32,-3.1879211384204464e-32,-3.1879211384204464e-32,-3.1879211384204464e-32,-3.1879211384204464e-32,-3.1879211384204464e-32,-3.1879211384204464e-32,-3.1879211384204464e-32,-3.1879211384204464e-32,-3.1879211384204464e-32,-3.1879211384204464e-32,-3.1879211384204464e-32,-3.1879211384204464e-32,-3.1879211384204464e-32,-3.1879211384204464e-32,-3.1879211384204464e-32,-3.1879211384204464e-32,-3.1879211384204464e-32,-3.1879211384204464e-32
-1.9519006917504692e-32,-1.9519006917504692e-32,-1.9519006917504692e-32,-1.9519006917504692e-32,-1.9519006917504692e-32,-1.9519006917504692e-32,-1.9519006917504692e-32,-1.9519006917504692e-32,-1.9519006917504692e-32,-1.9519006917504692e-32,-1.9519006917504692e-32,-1.9519006917504692e-32,-1.9519006917504692e-32,-1.9519006917504692e-32,-1.9519006917504692e-32,-1.9519006917504692e-32,-1.9519006917504692e-32,-1.9519006917504692e-32,-1.9519006917504692e-32,-1.9519006917504692e-32
-1.041707095065022e-31,-1.041707095065022e-31,-1.041707095065022e-31,-1.041707095065022e-31,-1.041707095065022e-31,-1.041707095065022e-31,-1.041707095065022e-31,-1.041707095065022e-31,-1.041707095065022e-31,-1.041707095065022e-31,-1.041707095065022e-31,-1.041707095065022e-31,-1.041707095065022e-31,-1.041707095065022e-31,-1.041707095065022e-31,-1.041707095065022e-31,-1.041707095065022e-31,-1.041707095065022e-31,-1.041707095065022e-31,-1.041707095065022e-31
-1.6054452147145633e-32,-1.6054452147145633e-32,-1.6054452147145633e-32,-1.6054452147145633e-32,-1.6054452147145633e-32,-1.6054452147145633e-32,-1.6054452147145633e-32,-1.6054452147145633e-32,-1.6054452147145633e-32,-1.6054452147145633e-32,-1.6054452147145633e-32,-1.6054452147145633e-32,-1.6054452147145633e-32,-1.6054452147145633e-32,-1.6054452147145633e-32,-1.6054452147145633e-32,-1.6054452147145633e-32,-1.6054452147145633e-32,-1.6054452147145633e-32,-1.6054452147145633e-32
-6.720527645950258e-32,-6.720527645950258e-32,-6.720527645950258e-32,-6.720527645950258e-32,-6.720527645950258e-32,-6.720527645950258e-32,-6.720527645950258e-32,-6.720527645950258e-32,-6.720527645950258e-32,-6.720527645950258e-32,-6.720527645950258e-32,-6.720527645950258e-32,-6.720527645950258e-32,-6.720527645950258e-32,-6.720527645950258e-32,-6.720527645950258e-32,-6.720527645950258e-32,-6.720527645950258e-32,-6.720527645950258e-32,-6.720527645950258e-32
-2.768190906990959e-32,-2.768190906990959e-32,-2.768190906990959e-32,-2.768190906990959e-32,-2.768190906990959e-32,-2.768190906990959e-32,-2.768190906990959e-32,-2.768190906990959e-32,-2.768190906990959e-32,-2.768190906990959e-32,-2.768190906990959e-32,-2.768190906990959e-32,-2.768190906990959e-32,-2.768190906990959e-32,-2.768190906990959e-32,-2.768190906990959e-32,-2.768190906990959e-32,-2.768190906990959e-32,-2.768190906990959e-32,-2.768190906990959e-32
-2.4022499110325902e-32,-2.4022499110325902e-32,-2.4022499110325902e-32,-2.4022499110325902e-32,-2.4022499110325902e-32,-2.4022499110325902e-32,-2.4022499110325902e-32,-2.4022499110325902e-32,-2.4022499110325902e-32,-2.4022499110325902e-32,-2.4022499110325902e-32,-2.4022499110325902e-32,-2.4022499110325902e-32,-2.4022499110325902e-32,-2.4022499110325902e-32,-2.4022499110325902e-32,-2.4022499110325902e-32,-2.4022499110325902e-32,-2.4022499110325902e-32,-2.4022499110325902e-32
-2.2889347655725296e-32,-2.2889347655725296e-32,-2.2889347655725296e-32,-2.2889347655725296e-32,-2.2889347655725296e-32,-2.2889347655725296e-32,-2.2889347655725296e-32,-2.2889347655725296e-32,-2.2889347655725296e-32,-2.2889347655725296e-32,-2.2889347655725296e-32,-2.2889347655725296e-32,-2.2889347655725296e-32,-2.2889347655725296e-32,-2.2889347655725296e-32,-2.2889347655725296e-32,-2.2889347655725296e-32,-2.2889347655725296e-32,-2.2889347655725296e-32,-2.2889347655725296e-32
-2.6067290867615187e-32,-2.6067290867615187e-32,-2.6067290867615187e-32,-2.6067290867615187e-32,-2.6067290867615187e-32,-2.6067290867615187e-32,-2.6067290867615187e-32,-2.6067290867615187e-32,-2.6067290867615187e-32,-2.6067290867615187e-32,-2.6067290867615187e-32,-2.6067290867615187e-32,-2.6067290867615187e-32,-2.6067290867615187e-32,-2.6067290867615187e-32,-2.6067290867615187e-32,-2.6067290867615187e-32,-2.6067290867615187e-32,-2.6067290867615187e-32,-2.6067290867615187e-32
-1.1049175506144546e-32,-1.1049175506144546e-32,-1.1049175506144546e-32,-1.1049175506144546e-32,-1.1049175506144546e-32,-1.1049175506144546e-32,-1.1049175506144546e-32,-1.1049175506144546e-32,-1.1049175506144546e-32,-1.1049175506144546e-32,-1.1049175506144546e-32,-1.1049175506144546e-32,-1.1049175506144546e-32,-1.1049175506144546e-32,-1.1049175506144546e-32,-1.1049175506144546e-32,-1.1049175506144546e-32,-1.1049175506144546e-32,-1.1049175506144546e-32,-1.1049175506144546e-32
-2.668010463928371e-32,-2.668010463928371e-32,-2.668010463928371e-32,-2.668010463928371e-32,-2.668010463928371e-32,-2.668010463928371e-32,-2.668010463928371e-32,-2.668010463928371e-32,-2.668010463928371e-32,-2.668010463928371e-32,-2.668010463928371e-32,-2.668010463928371e-32,-2.668010463928371e-32,-2.668010463928371e-32,-2.668010463928371e-32,-2.668010463928371e-32,-2.668010463928371e-32,-2.668010463928371e-32,-2.668010463928371e-32,-2.668010463928371e-32
-2.648747887304589e-32,-2.648747887304589e-32,-2.648747887304589e-32,-2.648747887304589e-32,-2.648747887304589e-32,-2.648747887304589e-32,-2.648747887304589e-32,-2.648747887304589e-32,-2.648747887304589e-32,-2.648747887304589e-32,-2.648747887304589e-32,-2.648747887304589e-32,-2.648747887304589e-32,-2.648747887304589e-32,-2.648747887304589e-32,-2.648747887304589e-32,-2.648747887304589e-32,-2.648747887304589e-32,-2.648747887304589e-32,-2.648747887304589e-32
-2.1019647758475613e-32,-2.1019647758475613e-32,-2.1019647758475613e-32,-2.1019647758475613e-32,-2.1019647758475613e-32,-2.1019647758475613e-32,-2.1019647758475613e-32,-2.1019647758475613e-32,-2.1019647758475613e-32,-2.1019647758475613e-32,-2.1019647758475613e-32,-2.1019647758475613e-32,-2.1019647758475613e-32,-2.1019647758475613e-32,-2.1019647758475613e-32,-2.1019647758475613e-32,-2.1019647758475613e-32,-2.1019647758475613e-32,-2.1019647758475613e-32,-2.1019647758475613e-32
-1.9500586613645953e-32,-1.9500586613645953e-32,-1.9500586613645953e-32,-1.9500586613645953e-32,-1.9500586613645953e-32,-1.9500586613645953e-32,-1.9500586613645953e-32,-1.9500586613645953e-32,-1.9500586613645953e-32,-1.9500586613645953e-32,-1.9500586613645953e-32,-1.9500586613645953e-32,-1.9500586613645953e-32,-1.9500586613645953e-32,-1.9500586613645953e-32,-1.9500586613645953e-32,-1.9500586613645953e-32,-1.9500586613645953e-32,-1.9500586613645953e-32,-1.9500586613645953e-32
-9.976231784817667e-32,-9.976231784817667e-32,-9.976231784817667e-32,-9.976231784817667e-32,-9.976231784817667e-32,-9.976231784817667e-32,-9.976231784817667e-32,-9.976231784817667e-32,-9.976231784817667e-32,-9.976231784817667e-32,-9.976231784817667e-32,-9.976231784817667e-32,-9.976231784817667e-32,-9.976231784817667e-32,-9.976231784817667e-32,-9.976231784817667e-32,-9.976231784817667e-32,-9.976231784817667e-32,-9.976231784817667e-32,-9.976231784817667e-32
-1.4185921598765047e-32,-1.4185921598765047e-32,-1.4185921598765047e-32,-1.4185921598765047e-32,-1.4185921598765047e-32,-1.4185921598765047e-32,-1.4185921598765047e-32,-1.4185921598765047e-32,-1.4185921598765047e-32,-1.4185921598765047e-32,-1.4185921598765047e-32,-1.4185921598765047e-32,-1.4185921598765047e-32,-1.4185921598765047e-32,-1.4185921598765047e-32,-1.4185921598765047e-32,-1.4185921598765047e-32,-1.4185921598765047e-32,-1.4185921598765047e-32,-1.4185921598765047e-32
-7.37499668905643e-32,-7.37499668905643e-32,-7.37499668905643e-32,-7.37499668905643e-32,-7.37499668905643e-32,-7.37499668905643e-32,-7.37499668905643e-32,-7.37499668905643e-32,-7.37499668905643e-32,-7.37499668905643e-32,-7.37499668905643e-32,-7.37499668905643e-32,-7.37499668905643e-32,-7.37499668905643e-32,-7.37499668905643e-32,-7.37499668905643e-32,-7.37499668905643e-32,-7.37499668905643e-32,-7.37499668905643e-32,-7.37499668905643e-32
-3.669406886271667e-32,-3.669406886271667e-32,-3.669406886271667e-32,-3.669406886271667e-32,-3.669406886271667e-32,-3.669406886271667e-32,-3.669406886271667e-32,-3.669406886271667e-32,-3.669406886271667e-32,-3.669406886271667e-32,-3.669406886271667e-32,-3.669406886271667e-32,-3.669406886271667e-32,-3.669406886271667e-32,-3.669406886271667e-32,-3.669406886271667e-32,-3.669406886271667e-32,-3.669406886271667e-32,-3.669406886271667e-32,-3.669406886271667e-32
-3.562573829786692e-32,-3.562573829786692e-32,-3.562573829786692e-32,-3.562573829786692e-32,-3.562573829786692e-32,-3.562573829786692e-32,-3.562573829786692e-32,-3.562573829786692e-32,-3.562573829786692e-32,-3.562573829786692e-32,-3.562573829786692e-32,-3.562573829786692e-32,-3.562573829786692e-32,-3.562573829786692e-32,-3.562573829786692e-32,-3.562573829786692e-32,-3.562573829786692e-32,-3.562573829786692e-32,-3.562573829786692e-32,-3.562573829786692e-32
-2.0418777886692728e-32,-2.0418777886692728e-32,-2.0418777886692728e-32,-2.0418777886692728e-32,-2.0418777886692728e-32,-2.0418777886692728e-32,-2.0418777886692728e-32,-2.0418777886692728e-32,-2.0418777886692728e-32,-2.0418777886692728e-32,-2.0418777886692728e-32,-2.0418777886692728e-32,-2.0418777886692728e-32,-2.0418777886692728e-32,-2.0418777886692728e-32,-2.0418777886692728e-32,-2.0418777886692728e-32,-2.0418777886692728e-32,-2.0418777886692728e-32,-2.0418777886692728e-32
-1.8318853927190365e-32,-1.8318853927190365e-32,-1.8318853927190365e-32,-1.8318853927190365e-32,-1.8318853927190365e-32,-1.8318853927190365e-32,-1.8318853927190365e-32,-1.8318853927190365e-32,-1.8318853927190365e-32,-1.8318853927190365e-32,-1.8318853927190365e-32,-1.8318853927190365e-32,-1.8318853927190365e-32,-1.8318853927190365e-32,-1.8318853927190365e-32,-1.8318853927190365e-32,-1.8318853927190365e-32,-1.8318853927190365e-32,-1.8318853927190365e-32,-1.8318853927190365e-32
-1.2173004930261648e-32,-1.2173004930261648e-32,-1.2173004930261648e-32,-1.2173004930261648e-32,-1.2173004930261648e-32,-1.2173004930261648e-32,-1.2173004930261648e-32,-1.2173004930261648e-32,-1.2173004930261648e-32,-1.2173004930261648e-32,-1.2173004930261648e-32,-1.2173004930261648e-32,-1.2173004930261648e-32,-1.2173004930261648e-32,-1.2173004930261648e-32,-1.2173004930261648e-32,-1.2173004930261648e-32,-1.2173004930261648e-32,-1.2173004930261648e-32,-1.2173004930261648e-32
-6.322742113298431e-32,-6.322742113298431e-32,-6.322742113298431e-32,-6.322742113298431e-32,-6.322742113298431e-32,-6.322742113298431e-32,-6.322742113298431e-32,-6.322742113298431e-32,-6.322742113298431e-32,-6.322742113298431e-32,-6.322742113298431e-32,-6.322742113298431e-32,-6.322742113298431e-32,-6.322742113298431e-32,-6.322742113298431e-32,-6.322742113298431e-32,-6.322742113298431e-32,-6.322742113298431e-32,-6.322742113298431e-32,-6.322742113298431e-32
-1.9908590822540916e-32,-1.9908590822540916e-32,-1.9908590822540916e-32,-1.9908590822540916e-32,-1.9908590822540916e-32,-1.9908590822540916e-32,-1.9908590822540916e-32,-1.9908590822540916e-32,-1.9908590822540916e-32,-1.9908590822540916e-32,-1.9908590822540916e-32,-1.9908590822540916e-32,-1.9908590822540916e-32,-1.9908590822540916e-32,-1.9908590822540916e-32,-1.9908590822540916e-32,-1.9908590822540916e-32,-1.9908590822540916e-32,-1.9908590822540916e-32,-1.9908590822540916e-32
-8.079558718905813e-33,-8.079558718905813e-33,-8.079558718905813e-33,-8.079558718905813e-33,-8.079558718905813e-33,-8.079558718905813e-33,-8.079558718905813e-33,-8.079558718905813e-33,-8.079558718905813e-33,-8.079558718905813e-33,-8.079558718905813e-33,-8.079558718905813e-33,-8.079558718905813e-33,-8.079558718905813e-33,-8.079558718905813e-33,-8.079558718905813e-33,-8.079558718905813e-33,-8.079558718905813e-33,-8.079558718905813e-33,-8.079558718905813e-33
-6.534009783921193e-32,-6.534009783921193e-32,-6.534009783921193e-32,-6.534009783921193e-32,-6.534009783921193e-32,-6.534009783921193e-32,-6.534009783921193e-32,-6.534009783921193e-32,-6.534009783921193e-32,-6.534009783921193e-32,-6.534009783921193e-32,-6.534009783921193e-32,-6.534009783921193e-32,-6.534009783921193e-32,-6.534009783921193e-32,-6.534009783921193e-32,-6.534009783921193e-32,-6.534009783921193e-32,-6.534009783921193e-32,-6.534009783921193e-32
-3.3769437786849194e-32,-3.3769437786849194e-32,-3.3769437786849194e-32,-3.3769437786849194e-32,-3.3769437786849194e-32,-3.3769437786849194e-32,-3.3769437786849194e-32,-3.3769437786849194e-32,-3.3769437786849194e-32,-3.3769437786849194e-32,-3.3769437786849194e-32,-3.3769437786849194e-32,-3.3769437786849194e-32,-3.3769437786849194e-32,-3.3769437786849194e-32,-3.3769437786849194e-32,-3.3769437786849194e-32,-3.3769437786849194e-32,-3.3769437786849194e-32,-3.3769437786849194e-32
-1.367357864598501e-32,-1.367357864598501e-32,-1.367357864598501e-32,-1.367357864598501e-32,-1.367357864598501e-32,-1.367357864598501e-32,-1.367357864598501e-32,-1.367357864598501e-32,-1.367357864598501e-32,-1.367357864598501e-32,-1.367357864598501e-32,-1.367357864598501e-32,-1.367357864598501e-32,-1.367357864598501e-32,-1.367357864598501e-32,-1.367357864598501e-32,-1.367357864598501e-32,-1.367357864598501e-32,-1.367357864598501e-32,-1.367357864598501e-32
-3.4134732895176315e-32,-3.4134732895176315e-32,-3.4134732895176315e-32,-3.4134732895176315e-32,-3.4134732895176315e-32,-3.4134732895176315e-32,-3.4134732895176315e-32,-3.4134732895176315e-32,-3.4134732895176315e-32,-3.4134732895176315e-32,-3.4134732895176315e-32,-3.4134732895176315e-32,-3.4134732895176315e-32,-3.4134732895176315e-32,-3.4134732895176315e-32,-3.4134732895176315e-32,-3.4134732895176315e-32,-3.4134732895176315e-32,-3.4134732895176315e-32,-3.4134732895176315e-32
-2.512352292386435e-32,-2.512352292386435e-32,-2.512352292386435e-32,-2.512352292386435e-32,-2.512352292386435e-32,-2.512352292386435e-32,-2.512352292386435e-32,-2.512352292386435e-32,-2.512352292386435e-32,-2.512352292386435e-32,-2.512352292386435e-32,-2.512352292386435e-32,-2.512352292386435e-32,-2.512352292386435e-32,-2.512352292386435e-32,-2.512352292386435e-32,-2.512352292386435e-32,-2.512352292386435e-32,-2.512352292386435e-32,-2.512352292386435e-32
-3.152771633693151e-32,-3.152771633693151e-32,-3.152771633693151e-32,-3.152771633693151e-32,-3.152771633693151e-32,-3.152771633693151e-32,-3.152771633693151e-32,-3.152771633693151e-32,-3.152771633693151e-32,-3.152771633693151e-32,-3.152771633693151e-32,-3.152771633693151e-32,-3.152771633693151e-32,-3.152771633693151e-32,-3.152771633693151e-32,-3.152771633693151e-32,-3.152771633693151e-32,-3.152771633693151e-32,-3.152771633693151e-32,-3.152771633693151e-32
-1.747446742405221e-32,-1.747446742405221e-32,-1.747446742405221e-32,-1.747446742405221e-32,-1.747446742405221e-32,-1.747446742405221e-32,-1.747446742405221e-32,-1.747446742405221e-32,-1.747446742405221e-32,-1.747446742405221e-32,-1.747446742405221e-32,-1.747446742405221e-32,-1.747446742405221e-32,-1.747446742405221e-32,-1.747446742405221e-32,-1.747446742405221e-32,-1.747446742405221e-32,-1.747446742405221e-32,-1.747446742405221e-32,-1.747446742405221e-32
-3.1867235609027565e-32,-3.1867235609027565e-32,-3.1867235609027565e-32,-3.1867235609027565e-32,-3.1867235609027565e-32,-3.1867235609027565e-32,-3.1867235609027565e-32,-3.1867235609027565e-32,-3.1867235609027565e-32,-3.1867235609027565e-32,-3.1867235609027565e-32,-3.1867235609027565e-32,-3.1867235609027565e-32,-3.1867235609027565e-32,-3.1867235609027565e-32,-3.1867235609027565e-32,-3.1867235609027565e-32,-3.1867235609027565e-32,-3.1867235609027565e-32,-3.1867235609027565e-32
-3.373628960573176e-32,-3.373628960573176e-32,-3.373628960573176e-32,-3.373628960573176e-32,-3.373628960573176e-32,-3.373628960573176e-32,-3.373628960573176e-32,-3.373628960573176e-32,-3.373628960573176e-32,-3.373628960573176e-32,-3.373628960573176e-32,-3.373628960573176e-32,-3.373628960573176e-32,-3.373628960573176e-32,-3.373628960573176e-32,-3.373628960573176e-32,-3.373628960573176e-32,-3.373628960573176e-32,-3.373628960573176e-32,-3.373628960573176e-32
-2.525472144213539e-32,-2.525472144213539e-32,-2.525472144213539e-32,-2.525472144213539e-32,-2.525472144213539e-32,-2.525472144213539e-32,-2.525472144213539e-32,-2.525472144213539e-32,-2.525472144213539e-32,-2.525472144213539e-32,-2.525472144213539e-32,-2.525472144213539e-32,-2.525472144213539e-32,-2.525472144213539e-32,-2.525472144213539e-32,-2.525472144213539e-32,-2.525472144213539e-32,-2.525472144213539e-32,-2.525472144213539e-32,-2.525472144213539e-32
-1.7926281105065024e-32,-1.7926281105065024e-32,-1.7926281105065024e-32,-1.7926281105065024e-32,-1.7926281105065024e-32,-1.7926281105065024e-32,-1.7926281105065024e-32,-1.7926281105065024e-32,-1.7926281105065024e-32,-1.7926281105065024e-32,-1.7926281105065024e-32,-1.7926281105065024e-32,-1.7926281105065024e-32,-1.7926281105065024e-32,-1.7926281105065024e-32,-1.7926281105065024e-32,-1.7926281105065024e-32,-1.7926281105065024e-32,-1.7926281105065024e-32,-1.7926281105065024e-32
-2.6426266348078333e-32,-2.6426266348078333e-32,-2.6426266348078333e-32,-2.6426266348078333e-32,-2.6426266348078333e-32,-2.6426266348078333e-32,-2.6426266348078333e-32,-2.6426266348078333e-32,-2.6426266348078333e-32,-2.6426266348078333e-32,-2.6426266348078333e-32,-2.6426266348078333e-32,-2.6426266348078333e-32,-2.6426266348078333e-32,-2.6426266348078333e-32,-2.6426266348078333e-32,-2.6426266348078333e-32,-2.6426266348078333e-32,-2.6426266348078333e-32,-2.6426266348078333e-32
-2.4859811669932316e-32,-2.4859811669932316e-32,-2.4859811669932316e-32,-2.4859811669932316e-32,-2.4859811669932316e-32,-2.4859811669932316e-32,-2.4859811669932316e-32,-2.4859811669932316e-32,-2.4859811669932316e-32,-2.4859811669932316e-32,-2.4859811669932316e-32,-2.4859811669932316e-32,-2.4859811669932316e-32,-2.4859811669932316e-32,-2.4859811669932316e-32,-2.4859811669932316e-32,-2.4859811669932316e-32,-2.4859811669932316e-32,-2.4859811669932316e-32,-2.4859811669932316e-32
-8.212338915300081e-32,-8.212338915300081e-32,-8.212338915300081e-32,-8.212338915300081e-32,-8.212338915300081e-32,-8.212338915300081e-32,-8.212338915300081e-32,-8.212338915300081e-32,-8.212338915300081e-32,-8.212338915300081e-32,-8.212338915300081e-32,-8.212338915300081e-32,-8.212338915300081e-32,-8.212338915300081e-32,-8.212338915300081e-32,-8.212338915300081e-32,-8.212338915300081e-32,-8.212338915300081e-32,-8.212338915300081e-32,-8.212338915300081e-32
-4.23732306707518e-32,-4.23732306707518e-32,-4.23732306707518e-32,-4.23732306707518e-32,-4.23732306707518e-32,-4.23732306707518e-32,-4.23732306707518e-32,-4.23732306707518e-32,-4.23732306707518e-32,-4.23732306707518e-32,-4.23732306707518e-32,-4.23732306707518e-32,-4.23732306707518e-32,-4.23732306707518e-32,-4.23732306707518e-32,-4.23732306707518e-32,-4.23732306707518e-32,-4.23732306707518e-32,-4.23732306707518e-32,-4.23732306707518e-32
-2.884715057501198e-32,-2.884715057501198e-32,-2.884715057501198e-32,-2.884715057501198e-32,-2.884715057501198e-32,-2.884715057501198e-32,-2.884715057501198e-32,-2.884715057501198e-32,-2.884715057501198e-32,-2.884715057501198e-32,-2.884715057501198e-32,-2.884715057501198e-32,-2.884715057501198e-32,-2.884715057501198e-32,-2.884715057501198e-32,-2.884715057501198e-32,-2.884715057501198e-32,-2.884715057501198e-32,-2.884715057501198e-32,-2.884715057501198e-32
-1.9504351813200347e-32,-1.9504351813200347e-32,-1.9504351813200347e-32,-1.9504351813200347e-32,-1.9504351813200347e-32,-1.9504351813200347e-32,-1.9504351813200347e-32,-1.9504351813200347e-32,-1.9504351813200347e-32,-1.9504351813200347e-32,-1.9504351813200347e-32,-1.9504351813200347e-32,-1.9504351813200347e-32,-1.9504351813200347e-32,-1.9504351813200347e-32,-1.9504351813200347e-32,-1.9504351813200347e-32,-1.9504351813200347e-32,-1.9504351813200347e-32,-1.9504351813200347e-32
-2.2582231240342928e-32,-2.2582231240342928e-32,-2.2582231240342928e-32,-2.2582231240342928e-32,-2.2582231240342928e-32,-2.2582231240342928e-32,-2.2582231240342928e-32,-2.2582231240342928e-32,-2.2582231240342928e-32,-2.2582231240342928e-32,-2.2582231240342928e-32,-2.2582231240342928e-32,-2.2582231240342928e-32,-2.2582231240342928e-32,-2.2582231240342928e-32,-2.2582231240342928e-32,-2.2582231240342928e-32,-2.2582231240342928e-32,-2.2582231240342928e-32,-2.2582231240342928e-32
-1.7058174112137127e-32,-1.7058174112137127e-32,-1.7058174112137127e-32,-1.7058174112137127e-32,-1.7058174112137127e-32,-1.7058174112137127e-32,-1.7058174112137127e-32,-1.7058174112137127e-32,-1.7058174112137127e-32,-1.7058174112137127e-32,-1.7058174112137127e-32,-1.7058174112137127e-32,-1.7058174112137127e-32,-1.7058174112137127e-32,-1.7058174112137127e-32,-1.7058174112137127e-32,-1.7058174112137127e-32,-1.7058174112137127e-32,-1.7058174112137127e-32,-1.7058174112137127e-32
-1.0721350984945158e-31,-1.0721350984945158e-31,-1.0721350984945158e-31,-1.0721350984945158e-31,-1.0721350984945158e-31,-1.0721350984945158e-31,-1.0721350984945158e-31,-1.0721350984945158e-31,-1.0721350984945158e-31,-1.0721350984945158e-31,-1.0721350984945158e-31,-1.0721350984945158e-31,-1.0721350984945158e-31,-1.0721350984945158e-31,-1.0721350984945158e-31,-1.0721350984945158e-31,-1.0721350984945158e-31,-1.0721350984945158e-31,-1.0721350984945158e-31,-1.0721350984945158e-31
-3.769134639984741e-32,-3.769134639984741e-32,-3.769134639984741e-32,-3.769134639984741e-32,-3.769134639984741e-32,-3.769134639984741e-32,-3.769134639984741e-32,-3.769134639984741e-32,-3.769134639984741e-32,-3.769134639984741e-32,-3.769134639984741e-32,-3.769134639984741e-32,-3.769134639984741e-32,-3.769134639984741e-32,-3.769134639984741e-32,-3.769134639984741e-32,-3.769134639984741e-32,-3.769134639984741e-32,-3.769134639984741e-32,-3.769134639984741e-32
-1.875378913248265e-32,-1.875378913248265e-32,-1.875378913248265e-32,-1.875378913248265e-32,-1.875378913248265e-32,-1.875378913248265e-32,-1.875378913248265e-32,-1.875378913248265e-32,-1.875378913248265e-32,-1.875378913248265e-32,-1.875378913248265e-32,-1.875378913248265e-32,-1.875378913248265e-32,-1.875378913248265e-32,-1.875378913248265e-32,-1.875378913248265e-32,-1.875378913248265e-32,-1.875378913248265e-32,-1.875378913248265e-32,-1.875378913248265e-32
-2.3186927335992534e-32,-2.3186927335992534e-32,-2.3186927335992534e-32,-2.3186927335992534e-32,-2.3186927335992534e-32,-2.3186927335992534e-32,-2.3186927335992534e-32,-2.3186927335992534e-32,-2.3186927335992534e-32,-2.3186927335992534e-32,-2.3186927335992534e-32,-2.3186927335992534e-32,-2.3186927335992534e-32,-2.3186927335992534e-32,-2.3186927335992534e-32,-2.3186927335992534e-32,-2.3186927335992534e-32,-2.3186927335992534e-32,-2.3186927335992534e-32,-2.3186927335992534e-32
-2.825018103034934e-32,-2.825018103034934e-32,-2.825018103034934e-32,-2.825018103034934e-32,-2.825018103034934e-32,-2.825018103034934e-32,-2.825018103034934e-32,-2.825018103034934e-32,-2.825018103034934e-32,-2.825018103034934e-32,-2.825018103034934e-32,-2.825018103034934e-32,-2.825018103034934e-32,-2.825018103034934e-32,-2.825018103034934e-32,-2.825018103034934e-32,-2.825018103034934e-32,-2.825018103034934e-32,-2.825018103034934e-32,-2.825018103034934e-32
-3.1115536589313613e-32,-3.1115536589313613e-32,-3.1115536589313613e-32,-3.1115536589313613e-32,-3.1115536589313613e-32,-3.1115536589313613e-32,-3.1115536589313613e-32,-3.1115536589313613e-32,-3.1115536589313613e-32,-3.1115536589313613e-32,-3.1115536589313613e-32,-3.1115536589313613e-32,-3.1115536589313613e-32,-3.1115536589313613e-32,-3.1115536589313613e-32,-3.1115536589313613e-32,-3.1115536589313613e-32,-3.1115536589313613e-32,-3.1115536589313613e-32,-3.1115536589313613e-32
-2.2015553894217344e-32,-2.2015553894217344e-32,-2.2015553894217344e-32,-2.2015553894217344e-32,-2.2015553894217344e-32,-2.2015553894217344e-32,-2.2015553894217344e-32,-2.2015553894217344e-32,-2.2015553894217344e-32,-2.2015553894217344e-32,-2.2015553894217344e-32,-2.2015553894217344e-32,-2.2015553894217344e-32,-2.2015553894217344e-32,-2.2015553894217344e-32,-2.2015553894217344e-32,-2.2015553894217344e-32,-2.2015553894217344e-32,-2.2015553894217344e-32,-2.2015553894217344e-32
-3.501922714930499e-32,-3.501922714930499e-32,-3.501922714930499e-32,-3.501922714930499e-32,-3.501922714930499e-32,-3.501922714930499e-32,-3.501922714930499e-32,-3.501922714930499e-32,-3.501922714930499e-32,-3.501922714930499e-32,-3.501922714930499e-32,-3.501922714930499e-32,-3.501922714930499e-32,-3.501922714930499e-32,-3.501922714930499e-32,-3.501922714930499e-32,-3.501922714930499e-32,-3.501922714930499e-32,-3.501922714930499e-32,-3.501922714930499e-32
-1.835269994939349e-32,-1.835269994939349e-32,-1.835269994939349e-32,-1.835269994939349e-32,-1.835269994939349e-32,-1.835269994939349e-32,-1.835269994939349e-32,-1.835269994939349e-32,-1.835269994939349e-32,-1.835269994939349e-32,-1.835269994939349e-32,-1.835269994939349e-32,-1.835269994939349e-32,-1.835269994939349e-32,-1.835269994939349e-32,-1.835269994939349e-32,-1.835269994939349e-32,-1.835269994939349e-32,-1.835269994939349e-32,-1.835269994939349e-32
-1.6175711341228256e-32,-1.6175711341228256e-32,-1.6175711341228256e-32,-1.6175711341228256e-32,-1.6175711341228256e-32,-1.6175711341228256e-32,-1.6175711341228256e-32,-1.6175711341228256e-32,-1.6175711341228256e-32,-1.6175711341228256e-32,-1.6175711341228256e-32,-1.6175711341228256e-32,-1.6175711341228256e-32,-1.6175711341228256e-32,-1.6175711341228256e-32,-1.6175711341228256e-32,-1.6175711341228256e-32,-1.6175711341228256e-32,-1.6175711341228256e-32,-1.6175711341228256e-32
-1.9002678222446952e-32,-1.9002678222446952e-32,-1.9002678222446952e-32,-1.9002678222446952e-32,-1.9002678222446952e-32,-1.9002678222446952e-32,-1.9002678222446952e-32,-1.9002678222446952e-32,-1.9002678222446952e-32,-1.9002678222446952e-32,-1.9002678222446952e-32,-1.9002678222446952e-32,-1.9002678222446952e-32,-1.9002678222446952e-32,-1.9002678222446952e-32,-1.9002678222446952e-32,-1.9002678222446952e-32,-1.9002678222446952e-32,-1.9002678222446952e-32,-1.9002678222446952e-32
-3.7458911755515156e-32,-3.7458911755515156e-32,-3.7458911755515156e-32,-3.7458911755515156e-32,-3.7458911755515156e-32,-3.7458911755515156e-32,-3.7458911755515156e-32,-3.7458911755515156e-32,-3.7458911755515156e-32,-3.7458911755515156e-32,-3.7458911755515156e-32,-3.7458911755515156e-32,-3.7458911755515156e-32,-3.7458911755515156e-32,-3.7458911755515156e-32,-3.7458911755515156e-32,-3.7458911755515156e-32,-3.7458911755515156e-32,-3.7458911755515156e-32,-3.7458911755515156e-32
-2.783419414856769e-32,-2.783419414856769e-32,-2.783419414856769e-32,-2.783419414856769e-32,-2.783419414856769e-32,-2.783419414856769e-32,-2.783419414856769e-32,-2.783419414856769e-32,-2.783419414856769e-32,-2.783419414856769e-32,-2.783419414856769e-32,-2.783419414856769e-32,-2.783419414856769e-32,-2.783419414856769e-32,-2.783419414856769e-32,-2.783419414856769e-32,-2.783419414856769e-32,-2.783419414856769e-32,-2.783419414856769e-32,-2.783419414856769e-32
-2.502754545015513e-32,-2.502754545015513e-32,-2.502754545015513e-32,-2.502754545015513e-32,-2.502754545015513e-32,-2.502754545015513e-32,-2.502754545015513e-32,-2.502754545015513e-32,-2.502754545015513e-32,-2.502754545015513e-32,-2.502754545015513e-32,-2.502754545015513e-32,-2.502754545015513e-32,-2.502754545015513e-32,-2.502754545015513e-32,-2.502754545015513e-32,-2.502754545015513e-32,-2.502754545015513e-32,-2.502754545015513e-32,-2.502754545015513e-32
-1.7223461050184446e-32,-1.7223461050184446e-32,-1.7223461050184446e-32,-1.7223461050184446e-32,-1.7223461050184446e-32,-1.7223461050184446e-32,-1.7223461050184446e-32,-1.7223461050184446e-32,-1.7223461050184446e-32,-1.7223461050184446e-32,-1.7223461050184446e-32,-1.7223461050184446e-32,-1.7223461050184446e-32,-1.7223461050184446e-32,-1.7223461050184446e-32,-1.7223461050184446e-32,-1.7223461050184446e-32,-1.7223461050184446e-32,-1.7223461050184446e-32,-1.7223461050184446e-32
-5.136883081500796e-32,-5.136883081500796e-32,-5.136883081500796e-32,-5.136883081500796e-32,-5.136883081500796e-32,-5.136883081500796e-32,-5.136883081500796e-32,-5.136883081500796e-32,-5.136883081500796e-32,-5.136883081500796e-32,-5.136883081500796e-32,-5.136883081500796e-32,-5.136883081500796e-32,-5.136883081500796e-32,-5.136883081500796e-32,-5.136883081500796e-32,-5.136883081500796e-32,-5.136883081500796e-32,-5.136883081500796e-32,-5.136883081500796e-32
-1.64474544953321e-32,-1.64474544953321e-32,-1.64474544953321e-32,-1.64474544953321e-32,-1.64474544953321e-32,-1.64474544953321e-32,-1.64474544953321e-32,-1.64474544953321e-32,-1.64474544953321e-32,-1.64474544953321e-32,-1.64474544953321e-32,-1.64474544953321e-32,-1.64474544953321e-32,-1.64474544953321e-32,-1.64474544953321e-32,-1.64474544953321e-32,-1.64474544953321e-32,-1.64474544953321e-32,-1.64474544953321e-32,-1.64474544953321e-32
-1.4289111412615196e-32,-1.4289111412615196e-32,-1.4289111412615196e-32,-1.4289111412615196e-32,-1.4289111412615196e-32,-1.4289111412615196e-32,-1.4289111412615196e-32,-1.4289111412615196e-32,-1.4289111412615196e-32,-1.4289111412615196e-32,-1.4289111412615196e-32,-1.4289111412615196e-32,-1.4289111412615196e-32,-1.4289111412615196e-32,-1.4289111412615196e-32,-1.4289111412615196e-32,-1.4289111412615196e-32,-1.4289111412615196e-32,-1.4289111412615196e-32,-1.4289111412615196e-32
-1.7853311931803998e-32,-1.7853311931803998e-32,-1.7853311931803998e-32,-1.7853311931803998e-32,-1.7853311931803998e-32,-1.7853311931803998e-32,-1.7853311931803998e-32,-1.7853311931803998e-32,-1.7853311931803998e-32,-1.7853311931803998e-32,-1.7853311931803998e-32,-1.7853311931803998e-32,-1.7853311931803998e-32,-1.7853311931803998e-32,-1.7853311931803998e-32,-1.7853311931803998e-32,-1.7853311931803998e-32,-1.7853311931803998e-32,-1.7853311931803998e-32,-1.7853311931803998e-32
-1.227674437069788e-32,-1.227674437069788e-32,-1.227674437069788e-32,-1.227674437069788e-32,-1.227674437069788e-32,-1.227674437069788e-32,-1.227674437069788e-32,-1.227674437069788e-32,-1.227674437069788e-32,-1.227674437069788e-32,-1.227674437069788e-32,-1.227674437069788e-32,-1.227674437069788e-32,-1.227674437069788e-32,-1.227674437069788e-32,-1.227674437069788e-32,-1.227674437069788e-32,-1.227674437069788e-32,-1.227674437069788e-32,-1.227674437069788e-32
-3.264587275170772e-32,-3.264587275170772e-32,-3.264587275170772e-32,-3.264587275170772e-32,-3.264587275170772e-32,-3.264587275170772e-32,-3.264587275170772e-32,-3.264587275170772e-32,-3.264587275170772e-32,-3.264587275170772e-32,-3.264587275170772e-32,-3.264587275170772e-32,-3.264587275170772e-32,-3.264587275170772e-32,-3.264587275170772e-32,-3.264587275170772e-32,-3.264587275170772e-32,-3.264587275170772e-32,-3.264587275170772e-32,-3.264587275170772e-32
-2.2601442676073182e-32,-2.2601442676073182e-32,-2.2601442676073182e-32,-2.2601442676073182e-32,-2.2601442676073182e-32,-2.2601442676073182e-32,-2.2601442676073182e-32,-2.2601442676073182e-32,-2.2601442676073182e-32,-2.2601442676073182e-32,-2.2601442676073182e-32,-2.2601442676073182e-32,-2.2601442676073182e-32,-2.2601442676073182e-32,-2.2601442676073182e-32,-2.2601442676073182e-32,-2.2601442676073182e-32,-2.2601442676073182e-32,-2.2601442676073182e-32,-2.2601442676073182e-32
-8.302582610472802e-32,-8.302582610472802e-32,-8.302582610472802e-32,-8.302582610472802e-32,-8.302582610472802e-32,-8.302582610472802e-32,-8.302582610472802e-32,-8.302582610472802e-32,-8.302582610472802e-32,-8.302582610472802e-32,-8.302582610472802e-32,-8.302582610472802e-32,-8.302582610472802e-32,-8.302582610472802e-32,-8.302582610472802e-32,-8.302582610472802e-32,-8.302582610472802e-32,-8.302582610472802e-32,-8.302582610472802e-32,-8.302582610472802e-32
-1.5065890363474348e-32,-1.5065890363474348e-32,-1.5065890363474348e-32,-1.5065890363474348e-32,-1.5065890363474348e-32,-1.5065890363474348e-32,-1.5065890363474348e-32,-1.5065890363474348e-32,-1.5065890363474348e-32,-1.5065890363474348e-32,-1.5065890363474348e-32,-1.5065890363474348e-32,-1.5065890363474348e-32,-1.5065890363474348e-32,-1.5065890363474348e-32,-1.5065890363474348e-32,-1.5065890363474348e-32,-1.5065890363474348e-32,-1.5065890363474348e-32,-1.5065890363474348e-32
-2.0875509759499728e-32,-2.0875509759499728e-32,-2.0875509759499728e-32,-2.0875509759499728e-32,-2.0875509759499728e-32,-2.0875509759499728e-32,-2.0875509759499728e-32,-2.0875509759499728e-32,-2.0875509759499728e-32,-2.0875509759499728e-32,-2.0875509759499728e-32,-2.0875509759499728e-32,-2.0875509759499728e-32,-2.0875509759499728e-32,-2.0875509759499728e-32,-2.0875509759499728e-32,-2.0875509759499728e-32,-2.0875509759499728e-32,-2.0875509759499728e-32,-2.0875509759499728e-32
-1.9533336726957233e-32,-1.9533336726957233e-32,-1.9533336726957233e-32,-1.9533336726957233e-32,-1.9533336726957233e-32,-1.9533336726957233e-32,-1.9533336726957233e-32,-1.9533336726957233e-32,-1.9533336726957233e-32,-1.9533336726957233e-32,-1.9533336726957233e-32,-1.9533336726957233e-32,-1.9533336726957233e-32,-1.9533336726957233e-32,-1.9533336726957233e-32,-1.9533336726957233e-32,-1.9533336726957233e-32,-1.9533336726957233e-32,-1.9533336726957233e-32,-1.9533336726957233e-32
-9.971113439436674e-32,-9.971113439436674e-32,-9.971113439436674e-32,-9.971113439436674e-32,-9.971113439436674e-32,-9.971113439436674e-32,-9.971113439436674e-32,-9.971113439436674e-32,-9.971113439436674e-32,-9.971113439436674e-32,-9.971113439436674e-32,-9.971113439436674e-32,-9.971113439436674e-32,-9.971113439436674e-32,-9.971113439436674e-32,-9.971113439436674e-32,-9.971113439436674e-32,-9.971113439436674e-32,-9.971113439436674e-32,-9.971113439436674e-32
-1.4514461560563878e-32,-1.4514461560563878e-32,-1.4514461560563878e-32,-1.4514461560563878e-32,-1.4514461560563878e-32,-1.4514461560563878e-32,-1.4514461560563878e-32,-1.4514461560563878e-32,-1.4514461560563878e-32,-1.4514461560563878e-32,-1.4514461560563878e-32,-1.4514461560563878e-32,-1.4514461560563878e-32,-1.4514461560563878e-32,-1.4514461560563878e-32,-1.4514461560563878e-32,-1.4514461560563878e-32,-1.4514461560563878e-32,-1.4514461560563878e-32,-1.4514461560563878e-32
-5.143770108962045e-32,-5.143770108962045e-32,-5.143770108962045e-32,-5.143770108962045e-32,-5.143770108962045e-32,-5.143770108962045e-32,-5.143770108962045e-32,-5.143770108962045e-32,-5.143770108962045e-32,-5.143770108962045e-32,-5.143770108962045e-32,-5.143770108962045e-32,-5.143770108962045e-32,-5.143770108962045e-32,-5.143770108962045e-32,-5.143770108962045e-32,-5.143770108962045e-32,-5.143770108962045e-32,-5.143770108962045e-32,-5.143770108962045e-32
-6.448568257739887e-32,-6.448568257739887e-32,-6.448568257739887e-32,-6.448568257739887e-32,-6.448568257739887e-32,-6.448568257739887e-32,-6.448568257739887e-32,-6.448568257739887e-32,-6.448568257739887e-32,-6.448568257739887e-32,-6.448568257739887e-32,-6.448568257739887e-32,-6.448568257739887e-32,-6.448568257739887e-32,-6.448568257739887e-32,-6.448568257739887e-32,-6.448568257739887e-32,-6.448568257739887e-32,-6.448568257739887e-32,-6.448568257739887e-32
-2.2421787164566016e-32,-2.2421787164566016e-32,-2.2421787164566016e-32,-2.2421787164566016e-32,-2.2421787164566016e-32,-2.2421787164566016e-32,-2.2421787164566016e-32,-2.2421787164566016e-32,-2.2421787164566016e-32,-2.2421787164566016e-32,-2.2421787164566016e-32,-2.2421787164566016e-32,-2.2421787164566016e-32,-2.2421787164566016e-32,-2.2421787164566016e-32,-2.2421787164566016e-32,-2.2421787164566016e-32,-2.2421787164566016e-32,-2.2421787164566016e-32,-2.2421787164566016e-32
-3.740514013131238e-32,-3.740514013131238e-32,-3.740514013131238e-32,-3.740514013131238e-32,-3.740514013131238e-32,-3.740514013131238e-32,-3.740514013131238e-32,-3.740514013131238e-32,-3.740514013131238e-32,-3.740514013131238e-32,-3.740514013131238e-32,-3.740514013131238e-32,-3.740514013131238e-32,-3.740514013131238e-32,-3.740514013131238e-32,-3.740514013131238e-32,-3.740514013131238e-32,-3.740514013131238e-32,-3.740514013131238e-32,-3.740514013131238e-32
-2.6760395169694663e-32,-2.6760395169694663e-32,-2.6760395169694663e-32,-2.6760395169694663e-32,-2.6760395169694663e-32,-2.6760395169694663e-32,-2.6760395169694663e-32,-2.6760395169694663e-32,-2.6760395169694663e-32,-2.6760395169694663e-32,-2.6760395169694663e-32,-2.6760395169694663e-32,-2.6760395169694663e-32,-2.6760395169694663e-32,-2.6760395169694663e-32,-2.6760395169694663e-32,-2.6760395169694663e-32,-2.6760395169694663e-32,-2.6760395169694663e-32,-2.6760395169694663e-32
-4.719056975601317e-32,-4.719056975601317e-32,-4.719056975601317e-32,-4.719056975601317e-32,-4.719056975601317e-32,-4.719056975601317e-32,-4.719056975601317e-32,-4.719056975601317e-32,-4.719056975601317e-32,-4.719056975601317e-32,-4.719056975601317e-32,-4.719056975601317e-32,-4.719056975601317e-32,-4.719056975601317e-32,-4.719056975601317e-32,-4.719056975601317e-32,-4.719056975601317e-32,-4.719056975601317e-32,-4.719056975601317e-32,-4.719056975601317e-32
-4.019616548032684e-32,-4.019616548032684e-32,-4.019616548032684e-32,-4.019616548032684e-32,-4.019616548032684e-32,-4.019616548032684e-32,-4.019616548032684e-32,-4.019616548032684e-32,-4.019616548032684e-32,-4.019616548032684e-32,-4.019616548032684e-32,-4.019616548032684e-32,-4.019616548032684e-32,-4.019616548032684e-32,-4.019616548032684e-32,-4.019616548032684e-32,-4.019616548032684e-32,-4.019616548032684e-32,-4.019616548032684e-32,-4.019616548032684e-32
-1.944274065220596e-31,-1.944274065220596e-31,-1.944274065220596e-31,-1.944274065220596e-31,-1.944274065220596e-31,-1.944274065220596e-31,-1.944274065220596e-31,-1.944274065220596e-31,-1.944274065220596e-31,-1.944274065220596e-31,-1.944274065220596e-31,-1.944274065220596e-31,-1.944274065220596e-31,-1.944274065220596e-31,-1.944274065220596e-31,-1.944274065220596e-31,-1.944274065220596e-31,-1.944274065220596e-31,-1.944274065220596e-31,-1.944274065220596e-31
-6.658267402079787e-32,-6.658267402079787e-32,-6.658267402079787e-32,-6.658267402079787e-32,-6.658267402079787e-32,-6.658267402079787e-32,-6.658267402079787e-32,-6.658267402079787e-32,-6.658267402079787e-32,-6.658267402079787e-32,-6.658267402079787e-32,-6.658267402079787e-32,-6.658267402079787e-32,-6.658267402079787e-32,-6.658267402079787e-32,-6.658267402079787e-32,-6.658267402079787e-32,-6.658267402079787e-32,-6.658267402079787e-32,-6.658267402079787e-32
-6.205998801430368e-32,-6.205998801430368e-32,-6.205998801430368e-32,-6.205998801430368e-32,-6.205998801430368e-32,-6.205998801430368e-32,-6.205998801430368e-32,-6.205998801430368e-32,-6.205998801430368e-32,-6.205998801430368e-32,-6.205998801430368e-32,-6.205998801430368e-32,-6.205998801430368e-32,-6.205998801430368e-32,-6.205998801430368e-32,-6.205998801430368e-32,-6.205998801430368e-32,-6.205998801430368e-32,-6.205998801430368e-32,-6.205998801430368e-32
-3.279333167090584e-32,-3.279333167090584e-32,-3.279333167090584e-32,-3.279333167090584e-32,-3.279333167090584e-32,-3.279333167090584e-32,-3.279333167090584e-32,-3.279333167090584e-32,-3.279333167090584e-32,-3.279333167090584e-32,-3.279333167090584e-32,-3.279333167090584e-32,-3.279333167090584e-32,-3.279333167090584e-32,-3.279333167090584e-32,-3.279333167090584e-32,-3.279333167090584e-32,-3.279333167090584e-32,-3.279333167090584e-32,-3.279333167090584e-32
-1.479566900320773e-32,-1.479566900320773e-32,-1.479566900320773e-32,-1.479566900320773e-32,-1.479566900320773e-32,-1.479566900320773e-32,-1.479566900320773e-32,-1.479566900320773e-32,-1.479566900320773e-32,-1.479566900320773e-32,-1.479566900320773e-32,-1.479566900320773e-32,-1.479566900320773e-32,-1.479566900320773e-32,-1.479566900320773e-32,-1.479566900320773e-32,-1.479566900320773e-32,-1.479566900320773e-32,-1.479566900320773e-32,-1.479566900320773e-32
-3.139521348856068e-32,-3.139521348856068e-32,-3.139521348856068e-32,-3.139521348856068e-32,-3.139521348856068e-32,-3.139521348856068e-32,-3.139521348856068e-32,-3.139521348856068e-32,-3.139521348856068e-32,-3.139521348856068e-32,-3.139521348856068e-32,-3.139521348856068e-32,-3.139521348856068e-32,-3.139521348856068e-32,-3.139521348856068e-32,-3.139521348856068e-32,-3.139521348856068e-32,-3.139521348856068e-32,-3.139521348856068e-32,-3.139521348856068e-32
-2.2975057617789503e-32,-2.2975057617789503e-32,-2.2975057617789503e-32,-2.2975057617789503e-32,-2.2975057617789503e-32,-2.2975057617789503e-32,-2.2975057617789503e-32,-2.2975057617789503e-32,-2.2975057617789503e-32,-2.2975057617789503e-32,-2.2975057617789503e-32,-2.2975057617789503e-32,-2.2975057617789503e-32,-2.2975057617789503e-32,-2.2975057617789503e-32,-2.2975057617789503e-32,-2.2975057617789503e-32,-2.2975057617789503e-32,-2.2975057617789503e-32,-2.2975057617789503e-32
-7.892798689806874e-32,-7.892798689806874e-32,-7.892798689806874e-32,-7.892798689806874e-32,-7.892798689806874e-32,-7.892798689806874e-32,-7.892798689806874e-32,-7.892798689806874e-32,-7.892798689806874e-32,-7.892798689806874e-32,-7.892798689806874e-32,-7.892798689806874e-32,-7.892798689806874e-32,-7.892798689806874e-32,-7.892798689806874e-32,-7.892798689806874e-32,-7.892798689806874e-32,-7.892798689806874e-32,-7.892798689806874e-32,-7.892798689806874e-32
-4.9221275335796705e-32,-4.9221275335796705e-32,-4.9221275335796705e-32,-4.9221275335796705e-32,-4.9221275335796705e-32,-4.9221275335796705e-32,-4.9221275335796705e-32,-4.9221275335796705e-32,-4.9221275335796705e-32,-4.9221275335796705e-32,-4.9221275335796705e-32,-4.9221275335796705e-32,-4.9221275335796705e-32,-4.9221275335796705e-32,-4.9221275335796705e-32,-4.9221275335796705e-32,-4.9221275335796705e-32,-4.9221275335796705e-32,-4.9221275335796705e-32,-4.9221275335796705e-32
-2.995941202317078e-32,-2.995941202317078e-32,-2.995941202317078e-32,-2.995941202317078e-32,-2.995941202317078e-32,-2.995941202317078e-32,-2.995941202317078e-32,-2.995941202317078e-32,-2.995941202317078e-32,-2.995941202317078e-32,-2.995941202317078e-32,-2.995941202317078e-32,-2.995941202317078e-32,-2.995941202317078e-32,-2.995941202317078e-32,-2.995941202317078e-32,-2.995941202317078e-32,-2.995941202317078e-32,-2.995941202317078e-32,-2.995941202317078e-32
-6.270734733902904e-32,-6.270734733902904e-32,-6.270734733902904e-32,-6.270734733902904e-32,-6.270734733902904e-32,-6.270734733902904e-32,-6.270734733902904e-32,-6.270734733902904e-32,-6.270734733902904e-32,-6.270734733902904e-32,-6.270734733902904e-32,-6.270734733902904e-32,-6.270734733902904e-32,-6.270734733902904e-32,-6.270734733902904e-32,-6.270734733902904e-32,-6.270734733902904e-32,-6.270734733902904e-32,-6.270734733902904e-32,-6.270734733902904e-32
-3.438586909837679e-32,-3.438586909837679e-32,-3.438586909837679e-32,-3.438586909837679e-32,-3.438586909837679e-32,-3.438586909837679e-32,-3.438586909837679e-32,-3.438586909837679e-32,-3.438586909837679e-32,-3.438586909837679e-32,-3.438586909837679e-32,-3.438586909837679e-32,-3.438586909837679e-32,-3.438586909837679e-32,-3.438586909837679e-32,-3.438586909837679e-32,-3.438586909837679e-32,-3.438586909837679e-32,-3.438586909837679e-32,-3.438586909837679e-32
-4.196805317199999e-32,-4.196805317199999e-32,-4.196805317199999e-32,-4.196805317199999e-32,-4.196805317199999e-32,-4.196805317199999e-32,-4.196805317199999e-32,-4.196805317199999e-32,-4.196805317199999e-32,-4.196805317199999e-32,-4.196805317199999e-32,-4.196805317199999e-32,-4.196805317199999e-32,-4.196805317199999e-32,-4.196805317199999e-32,-4.196805317199999e-32,-4.196805317199999e-32,-4.196805317199999e-32,-4.196805317199999e-32,-4.196805317199999e-32
-1.1369362311879306e-31,-1.1369362311879306e-31,-1.1369362311879306e-31,-1.1369362311879306e-31,-1.1369362311879306e-31,-1.1369362311879306e-31,-1.1369362311879306e-31,-1.1369362311879306e-31,-1.1369362311879306e-31,-1.1369362311879306e-31,-1.1369362311879306e-31,-1.1369362311879306e-31,-1.1369362311879306e-31,-1.1369362311879306e-31,-1.1369362311879306e-31,-1.1369362311879306e-31,-1.1369362311879306e-31,-1.1369362311879306e-31,-1.1369362311879306e-31,-1.1369362311879306e-31
-5.184269795001903e-32,-5.184269795001903e-32,-5.184269795001903e-32,-5.184269795001903e-32,-5.184269795001903e-32,-5.184269795001903e-32,-5.184269795001903e-32,-5.184269795001903e-32,-5.184269795001903e-32,-5.184269795001903e-32,-5.184269795001903e-32,-5.184269795001903e-32,-5.184269795001903e-32,-5.184269795001903e-32,-5.184269795001903e-32,-5.184269795001903e-32,-5.184269795001903e-32,-5.184269795001903e-32,-5.184269795001903e-32,-5.184269795001903e-32
-1.2508320000922447e-31,-1.2508320000922447e-31,-1.2508320000922447e-31,-1.2508320000922447e-31,-1.2508320000922447e-31,-1.2508320000922447e-31,-1.2508320000922447e-31,-1.2508320000922447e-31,-1.2508320000922447e-31,-1.2508320000922447e-31,-1.2508320000922447e-31,-1.2508320000922447e-31,-1.2508320000922447e-31,-1.2508320000922447e-31,-1.2508320000922447e-31,-1.2508320000922447e-31,-1.2508320000922447e-31,-1.2508320000922447e-31,-1.2508320000922447e-31,-1.2508320000922447e-31
-1.3183898417423734e-16,-1.3183898417423734e-16,-1.3183898417423734e-16,-1.3183898417423734e-16,-1.3183898417423734e-16,-1.3183898417423734e-16,-1.3183898417423734e-16,-1.3183898417423734e-16,-1.3183898417423734e-16,-1.3183898417423734e-16,-1.3183898417423734e-16,-1.3183898417423734e-16,-1.3183898417423734e-16,-1.3183898417423734e-16,-1.3183898417423734e-16,-1.3183898417423734e-16,-1.3183898417423734e-16,-1.3183898417423734e-16,-1.3183898417423734e-16,-1.3183898417423734e-16
-0.37816777657761214,-0.37816777657761214,-0.37816777657761214,-0.37816777657761214,-0.37816777657761214,-0.37816777657761214,-0.37816777657761214,-0.37816777657761214,-0.37816777657761214,-0.37816777657761214,-0.37816777657761214,-0.37816777657761214,-0.37816777657761214,-0.37816777657761214,-0.37816777657761214,-0.37816777657761214,-0.37816777657761214,-0.37816777657761214,-0.37816777657761214,-0.37816777657761214
-0.4686354311939386,-0.4686354311939386,-0.4686354311939386,-0.4686354311939386,-0.4686354311939386,-0.4686354311939386,-0.4686354311939386,-0.4686354311939386,-0.4686354311939386,-0.4686354311939386,-0.4686354311939386,-0.4686354311939386,-0.4686354311939386,-0.4686354311939386,-0.4686354311939386,-0.4686354311939386,-0.4686354311939386,-0.4686354311939386,-0.4686354311939386,-0.4686354311939386
-0.4308489681724282,-0.4308489681724282,-0.4308489681724282,-0.4308489681724282,-0.4308489681724282,-0.4308489681724282,-0.4308489681724282,-0.4308489681724282,-0.4308489681724282,-0.4308489681724282,-0.4308489681724282,-0.4308489681724282,-0.4308489681724282,-0.4308489681724282,-0.4308489681724282,-0.4308489681724282,-0.4308489681724282,-0.4308489681724282,-0.4308489681724282,-0.4308489681724282
-0.43190854771703513,-0.43190854771703513,-0.43190854771703513,-0.43190854771703513,-0.43190854771703513,-0.43190854771703513,-0.43190854771703513,-0.43190854771703513,-0.43190854771703513,-0.43190854771703513,-0.43190854771703513,-0.43190854771703513,-0.43190854771703513,-0.43190854771703513,-0.43190854771703513,-0.43190854771703513,-0.43190854771703513,-0.43190854771703513,-0.43190854771703513,-0.43190854771703513
-0.48596704487442205,-0.48596704487442205,-0.48596704487442205,-0.48596704487442205,-0.48596704487442205,-0.48596704487442205,-0.48596704487442205,-0.48596704487442205,-0.48596704487442205,-0.48596704487442205,-0.48596704487442205,-0.48596704487442205,-0.48596704487442205,-0.48596704487442205,-0.48596704487442205,-0.48596704487442205,-0.48596704487442205,-0.48596704487442205,-0.48596704487442205,-0.48596704487442205
-0.47645042238602575,-0.47645042238602575,-0.47645042238602575,-0.47645042238602575,-0.47645042238602575,-0.47645042238602575,-0.47645042238602575,-0.47645042238602575,-0.47645042238602575,-0.47645042238602575,-0.47645042238602575,-0.47645042238602575,-0.47645042238602575,-0.47645042238602575,-0.47645042238602575,-0.47645042238602575,-0.47645042238602575,-0.47645042238602575,-0.47645042238602575,-0.47645042238602575
-0.48192889857383514,-0.48192889857383514,-0.48192889857383514,-0.48192889857383514,-0.48192889857383514,-0.48192889857383514,-0.48192889857383514,-0.48192889857383514,-0.48192889857383514,-0.48192889857383514,-0.48192889857383514,-0.48192889857383514,-0.48192889857383514,-0.48192889857383514,-0.48192889857383514,-0.48192889857383514,-0.48192889857383514,-0.48192889857383514,-0.48192889857383514,-0.48192889857383514
-0.5331444223919105,-0.5331444223919105,-0.5331444223919105,-0.5331444223919105,-0.5331444223919105,-0.5331444223919105,-0.5331444223919105,-0.5331444223919105,-0.5331444223919105,-0.5331444223919105,-0.5331444223919105,-0.5331444223919105,-0.5331444223919105,-0.5331444223919105,-0.5331444223919105,-0.5331444223919105,-0.5331444223919105,-0.5331444223919105,-0.5331444223919105,-0.5331444223919105
-0.524942741276865,-0.524942741276865,-0.524942741276865,-0.524942741276865,-0.524942741276865,-0.524942741276865,-0.524942741276865,-0.524942741276865,-0.524942741276865,-0.524942741276865,-0.524942741276865,-0.524942741276865,-0.524942741276865,-0.524942741276865,-0.524942741276865,-0.524942741276865,-0.524942741276865,-0.524942741276865,-0.524942741276865,-0.524942741276865
-0.5325576340507705,-0.5325576340507705,-0.5325576340507705,-0.5325576340507705,-0.5325576340507705,-0.5325576340507705,-0.5325576340507705,-0.5325576340507705,-0.5325576340507705,-0.5325576340507705,-0.5325576340507705,-0.5325576340507705,-0.5325576340507705,-0.5325576340507705,-0.5325576340507705,-0.5325576340507705,-0.5325576340507705,-0.5325576340507705,-0.5325576340507705,-0.5325576340507705
-0.5370323739706441,-0.5370323739706441,-0.5370323739706441,-0.5370323739706441,-0.5370323739706441,-0.5370323739706441,-0.5370323739706441,-0.5370323739706441,-0.5370323739706441,-0.5370323739706441,-0.5370323739706441,-0.5370323739706441,-0.5370323739706441,-0.5370323739706441,-0.5370323739706441,-0.5370323739706441,-0.5370323739706441,-0.5370323739706441,-0.5370323739706441,-0.5370323739706441
-0.5384746475623968,-0.5384746475623968,-0.5384746475623968,-0.5384746475623968,-0.5384746475623968,-0.5384746475623968,-0.5384746475623968,-0.5384746475623968,-0.5384746475623968,-0.5384746475623968,-0.5384746475623968,-0.5384746475623968,-0.5384746475623968,-0.5384746475623968,-0.5384746475623968,-0.5384746475623968,-0.5384746475623968,-0.5384746475623968,-0.5384746475623968,-0.5384746475623968
-0.5299289015900535,-0.5299289015900535,-0.5299289015900535,-0.5299289015900535,-0.5299289015900535,-0.5299289015900535,-0.5299289015900535,-0.5299289015900535,-0.5299289015900535,-0.5299289015900535,-0.5299289015900535,-0.5299289015900535,-0.5299289015900535,-0.5299289015900535,-0.5299289015900535,-0.5299289015900535,-0.5299289015900535,-0.5299289015900535,-0.5299289015900535,-0.5299289015900535
-0.5575250066457971,-0.5575250066457971,-0.5575250066457971,-0.5575250066457971,-0.5575250066457971,-0.5575250066457971,-0.5575250066457971,-0.5575250066457971,-0.5575250066457971,-0.5575250066457971,-0.5575250066457971,-0.5575250066457971,-0.5575250066457971,-0.5575250066457971,-0.5575250066457971,-0.5575250066457971,-0.5575250066457971,-0.5575250066457971,-0.5575250066457971,-0.5575250066457971
-0.5185158655746882,-0.5185158655746882,-0.5185158655746882,-0.5185158655746882,-0.5185158655746882,-0.5185158655746882,-0.5185158655746882,-0.5185158655746882,-0.5185158655746882,-0.5185158655746882,-0.5185158655746882,-0.5185158655746882,-0.5185158655746882,-0.5185158655746882,-0.5185158655746882,-0.5185158655746882,-0.5185158655746882,-0.5185158655746882,-0.5185158655746882,-0.5185158655746882
-0.5105186932738112,-0.5105186932738112,-0.5105186932738112,-0.5105186932738112,-0.5105186932738112,-0.5105186932738112,-0.5105186932738112,-0.5105186932738112,-0.5105186932738112,-0.5105186932738112,-0.5105186932738112,-0.5105186932738112,-0.5105186932738112,-0.5105186932738112,-0.5105186932738112,-0.5105186932738112,-0.5105186932738112,-0.5105186932738112,-0.5105186932738112,-0.5105186932738112
-0.5252556411364331,-0.5252556411364331,-0.5252556411364331,-0.5252556411364331,-0.5252556411364331,-0.5252556411364331,-0.5252556411364331,-0.5252556411364331,-0.5252556411364331,-0.5252556411364331,-0.5252556411364331,-0.5252556411364331,-0.5252556411364331,-0.5252556411364331,-0.5252556411364331,-0.5252556411364331,-0.5252556411364331,-0.5252556411364331,-0.5252556411364331,-0.5252556411364331
-0.548354815376813,-0.548354815376813,-0.548354815376813,-0.548354815376813,-0.548354815376813,-0.548354815376813,-0.548354815376813,-0.548354815376813,-0.548354815376813,-0.548354815376813,-0.548354815376813,-0.548354815376813,-0.548354815376813,-0.548354815376813,-0.548354815376813,-0.548354815376813,-0.548354815376813,-0.548354815376813,-0.548354815376813,-0.548354815376813
-0.5398932976828557,-0.5398932976828557,-0.5398932976828557,-0.5398932976828557,-0.5398932976828557,-0.5398932976828557,-0.5398932976828557,-0.5398932976828557,-0.5398932976828557,-0.5398932976828557,-0.5398932976828557,-0.5398932976828557,-0.5398932976828557,-0.5398932976828557,-0.5398932976828557,-0.5398932976828557,-0.5398932976828557,-0.5398932976828557,-0.5398932976828557,-0.5398932976828557
-0.5512992809203614,-0.5512992809203614,-0.5512992809203614,-0.5512992809203614,-0.5512992809203614,-0.5512992809203614,-0.5512992809203614,-0.5512992809203614,-0.5512992809203614,-0.5512992809203614,-0.5512992809203614,-0.5512992809203614,-0.5512992809203614,-0.5512992809203614,-0.5512992809203614,-0.5512992809203614,-0.5512992809203614,-0.5512992809203614,-0.5512992809203614,-0.5512992809203614
-0.5564582098419709,-0.5564582098419709,-0.5564582098419709,-0.5564582098419709,-0.5564582098419709,-0.5564582098419709,-0.5564582098419709,-0.5564582098419709,-0.5564582098419709,-0.5564582098419709,-0.5564582098419709,-0.5564582098419709,-0.5564582098419709,-0.5564582098419709,-0.5564582098419709,-0.5564582098419709,-0.5564582098419709,-0.5564582098419709,-0.5564582098419709,-0.5564582098419709
-0.5473090476232259,-0.5473090476232259,-0.5473090476232259,-0.5473090476232259,-0.5473090476232259,-0.5473090476232259,-0.5473090476232259,-0.5473090476232259,-0.5473090476232259,-0.5473090476232259,-0.5473090476232259,-0.5473090476232259,-0.5473090476232259,-0.5473090476232259,-0.5473090476232259,-0.5473090476232259,-0.5473090476232259,-0.5473090476232259,-0.5473090476232259,-0.5473090476232259
-0.5372041965558835,-0.5372041965558835,-0.5372041965558835,-0.5372041965558835,-0.5372041965558835,-0.5372041965558835,-0.5372041965558835,-0.5372041965558835,-0.5372041965558835,-0.5372041965558835,-0.5372041965558835,-0.5372041965558835,-0.5372041965558835,-0.5372041965558835,-0.5372041965558835,-0.5372041965558835,-0.5372041965558835,-0.5372041965558835,-0.5372041965558835,-0.5372041965558835
-0.5294716089359409,-0.5294716089359409,-0.5294716089359409,-0.5294716089359409,-0.5294716089359409,-0.5294716089359409,-0.5294716089359409,-0.5294716089359409,-0.5294716089359409,-0.5294716089359409,-0.5294716089359409,-0.5294716089359409,-0.5294716089359409,-0.5294716089359409,-0.5294716089359409,-0.5294716089359409,-0.5294716089359409,-0.5294716089359409,-0.5294716089359409,-0.5294716089359409
-0.5525240264004787,-0.5525240264004787,-0.5525240264004787,-0.5525240264004787,-0.5525240264004787,-0.5525240264004787,-0.5525240264004787,-0.5525240264004787,-0.5525240264004787,-0.5525240264004787,-0.5525240264004787,-0.5525240264004787,-0.5525240264004787,-0.5525240264004787,-0.5525240264004787,-0.5525240264004787,-0.5525240264004787,-0.5525240264004787,-0.5525240264004787,-0.5525240264004787
-0.5522498343701128,-0.5522498343701128,-0.5522498343701128,-0.5522498343701128,-0.5522498343701128,-0.5522498343701128,-0.5522498343701128,-0.5522498343701128,-0.5522498343701128,-0.5522498343701128,-0.5522498343701128,-0.5522498343701128,-0.5522498343701128,-0.5522498343701128,-0.5522498343701128,-0.5522498343701128,-0.5522498343701128,-0.5522498343701128,-0.5522498343701128,-0.5522498343701128
-0.5323556590880758,-0.5323556590880758,-0.5323556590880758,-0.5323556590880758,-0.5323556590880758,-0.5323556590880758,-0.5323556590880758,-0.5323556590880758,-0.5323556590880758,-0.5323556590880758,-0.5323556590880758,-0.5323556590880758,-0.5323556590880758,-0.5323556590880758,-0.5323556590880758,-0.5323556590880758,-0.5323556590880758,-0.5323556590880758,-0.5323556590880758,-0.5323556590880758
-0.5436938167720472,-0.5436938167720472,-0.5436938167720472,-0.5436938167720472,-0.5436938167720472,-0.5436938167720472,-0.5436938167720472,-0.5436938167720472,-0.5436938167720472,-0.5436938167720472,-0.5436938167720472,-0.5436938167720472,-0.5436938167720472,-0.5436938167720472,-0.5436938167720472,-0.5436938167720472,-0.5436938167720472,-0.5436938167720472,-0.5436938167720472,-0.5436938167720472
-0.5473831894635655,-0.5473831894635655,-0.5473831894635655,-0.5473831894635655,-0.5473831894635655,-0.5473831894635655,-0.5473831894635655,-0.5473831894635655,-0.5473831894635655,-0.5473831894635655,-0.5473831894635655,-0.5473831894635655,-0.5473831894635655,-0.5473831894635655,-0.5473831894635655,-0.5473831894635655,-0.5473831894635655,-0.5473831894635655,-0.5473831894635655,-0.5473831894635655
